"Loss_Pct","Replicate","Seed","Status","Final_LGs","Retained_OGs","Error_Detail"
0.1,1,10778,"SUCCESS",15,4844,NA
0.1,10,10787,"SUCCESS",15,4856,NA
0.1,100,10877,"SUCCESS",15,4840,NA
0.1,11,10788,"SUCCESS",15,4840,NA
0.1,12,10789,"SUCCESS",15,4852,NA
0.1,13,10790,"SUCCESS",15,4837,NA
0.1,14,10791,"SUCCESS",15,4841,NA
0.1,15,10792,"SUCCESS",15,4858,NA
0.1,16,10793,"SUCCESS",15,4840,NA
0.1,17,10794,"SUCCESS",15,4840,NA
0.1,18,10795,"SUCCESS",15,4843,NA
0.1,19,10796,"SUCCESS",15,4828,NA
0.1,2,10779,"SUCCESS",15,4854,NA
0.1,20,10797,"SUCCESS",15,4824,NA
0.1,21,10798,"SUCCESS",15,4867,NA
0.1,22,10799,"SUCCESS",15,4836,NA
0.1,23,10800,"SUCCESS",15,4845,NA
0.1,24,10801,"SUCCESS",15,4847,NA
0.1,25,10802,"SUCCESS",15,4826,NA
0.1,26,10803,"SUCCESS",15,4838,NA
0.1,27,10804,"SUCCESS",15,4865,NA
0.1,28,10805,"SUCCESS",15,4833,NA
0.1,29,10806,"SUCCESS",15,4836,NA
0.1,3,10780,"SUCCESS",15,4836,NA
0.1,30,10807,"SUCCESS",15,4857,NA
0.1,31,10808,"SUCCESS",15,4838,NA
0.1,32,10809,"SUCCESS",15,4853,NA
0.1,33,10810,"SUCCESS",15,4812,NA
0.1,34,10811,"SUCCESS",15,4832,NA
0.1,35,10812,"SUCCESS",15,4846,NA
0.1,36,10813,"SUCCESS",15,4851,NA
0.1,37,10814,"SUCCESS",15,4852,NA
0.1,38,10815,"SUCCESS",15,4828,NA
0.1,39,10816,"SUCCESS",15,4823,NA
0.1,4,10781,"SUCCESS",15,4863,NA
0.1,40,10817,"SUCCESS",15,4826,NA
0.1,41,10818,"SUCCESS",15,4828,NA
0.1,42,10819,"SUCCESS",15,4870,NA
0.1,43,10820,"SUCCESS",15,4841,NA
0.1,44,10821,"SUCCESS",15,4845,NA
0.1,45,10822,"SUCCESS",15,4842,NA
0.1,46,10823,"SUCCESS",15,4818,NA
0.1,47,10824,"SUCCESS",15,4846,NA
0.1,48,10825,"SUCCESS",15,4844,NA
0.1,49,10826,"SUCCESS",15,4821,NA
0.1,5,10782,"SUCCESS",15,4834,NA
0.1,50,10827,"SUCCESS",15,4861,NA
0.1,51,10828,"SUCCESS",15,4849,NA
0.1,52,10829,"SUCCESS",15,4866,NA
0.1,53,10830,"SUCCESS",15,4835,NA
0.1,54,10831,"SUCCESS",15,4831,NA
0.1,55,10832,"SUCCESS",15,4844,NA
0.1,56,10833,"SUCCESS",15,4833,NA
0.1,57,10834,"SUCCESS",15,4841,NA
0.1,58,10835,"SUCCESS",15,4848,NA
0.1,59,10836,"SUCCESS",15,4831,NA
0.1,6,10783,"SUCCESS",15,4839,NA
0.1,60,10837,"SUCCESS",15,4849,NA
0.1,61,10838,"SUCCESS",15,4817,NA
0.1,62,10839,"SUCCESS",15,4838,NA
0.1,63,10840,"SUCCESS",15,4854,NA
0.1,64,10841,"SUCCESS",15,4849,NA
0.1,65,10842,"SUCCESS",15,4815,NA
0.1,66,10843,"SUCCESS",15,4855,NA
0.1,67,10844,"SUCCESS",15,4864,NA
0.1,68,10845,"SUCCESS",15,4827,NA
0.1,69,10846,"SUCCESS",15,4853,NA
0.1,7,10784,"SUCCESS",15,4852,NA
0.1,70,10847,"SUCCESS",15,4845,NA
0.1,71,10848,"SUCCESS",15,4840,NA
0.1,72,10849,"SUCCESS",15,4853,NA
0.1,73,10850,"SUCCESS",15,4822,NA
0.1,74,10851,"SUCCESS",15,4861,NA
0.1,75,10852,"SUCCESS",15,4833,NA
0.1,76,10853,"SUCCESS",15,4855,NA
0.1,77,10854,"SUCCESS",15,4837,NA
0.1,78,10855,"SUCCESS",15,4825,NA
0.1,79,10856,"SUCCESS",15,4837,NA
0.1,8,10785,"SUCCESS",15,4845,NA
0.1,80,10857,"SUCCESS",15,4849,NA
0.1,81,10858,"SUCCESS",15,4825,NA
0.1,82,10859,"SUCCESS",15,4841,NA
0.1,83,10860,"SUCCESS",15,4821,NA
0.1,84,10861,"SUCCESS",15,4825,NA
0.1,85,10862,"SUCCESS",15,4844,NA
0.1,86,10863,"SUCCESS",15,4810,NA
0.1,87,10864,"SUCCESS",15,4840,NA
0.1,88,10865,"SUCCESS",15,4852,NA
0.1,89,10866,"SUCCESS",15,4825,NA
0.1,9,10786,"SUCCESS",15,4850,NA
0.1,90,10867,"SUCCESS",15,4847,NA
0.1,91,10868,"SUCCESS",15,4838,NA
0.1,92,10869,"SUCCESS",15,4825,NA
0.1,93,10870,"SUCCESS",15,4821,NA
0.1,94,10871,"SUCCESS",15,4830,NA
0.1,95,10872,"SUCCESS",15,4832,NA
0.1,96,10873,"SUCCESS",15,4845,NA
0.1,97,10874,"SUCCESS",15,4838,NA
0.1,98,10875,"SUCCESS",15,4832,NA
0.1,99,10876,"SUCCESS",15,4838,NA
0.2,1,20778,"SUCCESS",15,4851,NA
0.2,10,20787,"SUCCESS",15,4828,NA
0.2,100,20877,"SUCCESS",15,4825,NA
0.2,11,20788,"SUCCESS",15,4825,NA
0.2,12,20789,"SUCCESS",15,4832,NA
0.2,13,20790,"SUCCESS",15,4861,NA
0.2,14,20791,"SUCCESS",15,4835,NA
0.2,15,20792,"SUCCESS",15,4857,NA
0.2,16,20793,"SUCCESS",15,4856,NA
0.2,17,20794,"SUCCESS",15,4831,NA
0.2,18,20795,"SUCCESS",15,4842,NA
0.2,19,20796,"SUCCESS",15,4826,NA
0.2,2,20779,"SUCCESS",15,4847,NA
0.2,20,20797,"SUCCESS",15,4841,NA
0.2,21,20798,"SUCCESS",15,4833,NA
0.2,22,20799,"SUCCESS",15,4837,NA
0.2,23,20800,"SUCCESS",15,4839,NA
0.2,24,20801,"SUCCESS",16,4864,NA
0.2,25,20802,"SUCCESS",15,4843,NA
0.2,26,20803,"SUCCESS",15,4826,NA
0.2,27,20804,"SUCCESS",15,4859,NA
0.2,28,20805,"SUCCESS",15,4822,NA
0.2,29,20806,"SUCCESS",15,4854,NA
0.2,3,20780,"SUCCESS",15,4843,NA
0.2,30,20807,"SUCCESS",15,4829,NA
0.2,31,20808,"SUCCESS",15,4810,NA
0.2,32,20809,"SUCCESS",15,4828,NA
0.2,33,20810,"SUCCESS",15,4835,NA
0.2,34,20811,"SUCCESS",15,4815,NA
0.2,35,20812,"SUCCESS",15,4840,NA
0.2,36,20813,"SUCCESS",15,4825,NA
0.2,37,20814,"SUCCESS",15,4821,NA
0.2,38,20815,"SUCCESS",15,4837,NA
0.2,39,20816,"SUCCESS",15,4833,NA
0.2,4,20781,"SUCCESS",15,4835,NA
0.2,40,20817,"SUCCESS",15,4832,NA
0.2,41,20818,"SUCCESS",15,4860,NA
0.2,42,20819,"SUCCESS",15,4840,NA
0.2,43,20820,"SUCCESS",15,4860,NA
0.2,44,20821,"SUCCESS",15,4837,NA
0.2,45,20822,"SUCCESS",15,4851,NA
0.2,46,20823,"SUCCESS",15,4816,NA
0.2,47,20824,"SUCCESS",15,4853,NA
0.2,48,20825,"SUCCESS",15,4839,NA
0.2,49,20826,"SUCCESS",15,4836,NA
0.2,5,20782,"SUCCESS",15,4821,NA
0.2,50,20827,"SUCCESS",15,4818,NA
0.2,51,20828,"SUCCESS",15,4845,NA
0.2,52,20829,"SUCCESS",15,4836,NA
0.2,53,20830,"SUCCESS",15,4856,NA
0.2,54,20831,"SUCCESS",15,4838,NA
0.2,55,20832,"SUCCESS",15,4839,NA
0.2,56,20833,"SUCCESS",15,4850,NA
0.2,57,20834,"SUCCESS",15,4838,NA
0.2,58,20835,"SUCCESS",15,4839,NA
0.2,59,20836,"SUCCESS",15,4827,NA
0.2,6,20783,"SUCCESS",15,4842,NA
0.2,60,20837,"SUCCESS",15,4852,NA
0.2,61,20838,"SUCCESS",15,4844,NA
0.2,62,20839,"SUCCESS",15,4841,NA
0.2,63,20840,"SUCCESS",15,4833,NA
0.2,64,20841,"SUCCESS",15,4829,NA
0.2,65,20842,"SUCCESS",15,4832,NA
0.2,66,20843,"SUCCESS",15,4844,NA
0.2,67,20844,"SUCCESS",15,4843,NA
0.2,68,20845,"SUCCESS",15,4835,NA
0.2,69,20846,"SUCCESS",15,4842,NA
0.2,7,20784,"SUCCESS",15,4830,NA
0.2,70,20847,"SUCCESS",15,4800,NA
0.2,71,20848,"SUCCESS",15,4843,NA
0.2,72,20849,"SUCCESS",15,4859,NA
0.2,73,20850,"SUCCESS",15,4824,NA
0.2,74,20851,"SUCCESS",15,4839,NA
0.2,75,21629,"SUCCESS",15,4851,NA
0.2,76,20853,"SUCCESS",15,4847,NA
0.2,77,20854,"SUCCESS",15,4839,NA
0.2,78,20855,"SUCCESS",15,4831,NA
0.2,79,20856,"SUCCESS",15,4827,NA
0.2,8,20785,"SUCCESS",15,4823,NA
0.2,80,20857,"SUCCESS",15,4823,NA
0.2,81,20858,"SUCCESS",15,4823,NA
0.2,82,20859,"SUCCESS",15,4844,NA
0.2,83,20860,"SUCCESS",15,4831,NA
0.2,84,20861,"SUCCESS",15,4832,NA
0.2,85,20862,"SUCCESS",15,4842,NA
0.2,86,20863,"SUCCESS",15,4826,NA
0.2,87,20864,"SUCCESS",15,4837,NA
0.2,88,20865,"SUCCESS",16,4858,NA
0.2,89,20866,"SUCCESS",15,4827,NA
0.2,9,20786,"SUCCESS",15,4851,NA
0.2,90,20867,"SUCCESS",15,4835,NA
0.2,91,20868,"SUCCESS",15,4850,NA
0.2,92,20869,"SUCCESS",15,4855,NA
0.2,93,20870,"SUCCESS",15,4806,NA
0.2,94,20871,"SUCCESS",15,4862,NA
0.2,95,20872,"SUCCESS",15,4848,NA
0.2,96,20873,"SUCCESS",15,4829,NA
0.2,97,20874,"SUCCESS",15,4836,NA
0.2,98,20875,"SUCCESS",15,4829,NA
0.2,99,20876,"SUCCESS",15,4834,NA
0.3,1,30778,"SUCCESS",15,4855,NA
0.3,10,30787,"SUCCESS",15,4842,NA
0.3,100,30877,"SUCCESS",15,4857,NA
0.3,11,30788,"SUCCESS",15,4835,NA
0.3,12,30789,"SUCCESS",15,4860,NA
0.3,13,30790,"SUCCESS",15,4838,NA
0.3,14,30791,"SUCCESS",15,4819,NA
0.3,15,30792,"SUCCESS",15,4837,NA
0.3,16,30793,"SUCCESS",15,4828,NA
0.3,17,30794,"SUCCESS",15,4830,NA
0.3,18,30795,"SUCCESS",15,4830,NA
0.3,19,30796,"SUCCESS",15,4848,NA
0.3,2,30779,"SUCCESS",15,4825,NA
0.3,20,30797,"SUCCESS",15,4858,NA
0.3,21,30798,"SUCCESS",15,4840,NA
0.3,22,30799,"SUCCESS",15,4835,NA
0.3,23,30800,"SUCCESS",15,4858,NA
0.3,24,30801,"SUCCESS",15,4852,NA
0.3,25,30802,"SUCCESS",15,4837,NA
0.3,26,30803,"SUCCESS",15,4831,NA
0.3,27,30804,"SUCCESS",15,4833,NA
0.3,28,30805,"SUCCESS",15,4856,NA
0.3,29,30806,"SUCCESS",15,4815,NA
0.3,3,30780,"SUCCESS",15,4855,NA
0.3,30,30807,"SUCCESS",15,4830,NA
0.3,31,30808,"SUCCESS",15,4824,NA
0.3,32,30809,"SUCCESS",15,4840,NA
0.3,33,30810,"SUCCESS",15,4829,NA
0.3,34,30811,"SUCCESS",15,4819,NA
0.3,35,30812,"SUCCESS",15,4844,NA
0.3,36,30813,"SUCCESS",15,4837,NA
0.3,37,30814,"SUCCESS",15,4833,NA
0.3,38,30815,"SUCCESS",15,4851,NA
0.3,39,30816,"SUCCESS",15,4844,NA
0.3,4,30781,"SUCCESS",15,4848,NA
0.3,40,30817,"SUCCESS",15,4853,NA
0.3,41,30818,"SUCCESS",15,4840,NA
0.3,42,30819,"SUCCESS",15,4820,NA
0.3,43,30820,"SUCCESS",15,4830,NA
0.3,44,30821,"SUCCESS",15,4809,NA
0.3,45,30822,"SUCCESS",15,4843,NA
0.3,46,30823,"SUCCESS",15,4844,NA
0.3,47,30824,"SUCCESS",15,4848,NA
0.3,48,30825,"SUCCESS",15,4836,NA
0.3,49,30826,"SUCCESS",15,4845,NA
0.3,5,30782,"SUCCESS",15,4838,NA
0.3,50,31604,"SUCCESS",15,4816,NA
0.3,51,30828,"SUCCESS",15,4830,NA
0.3,52,30829,"SUCCESS",15,4859,NA
0.3,53,30830,"SUCCESS",15,4841,NA
0.3,54,30831,"SUCCESS",15,4847,NA
0.3,55,30832,"SUCCESS",15,4860,NA
0.3,56,30833,"SUCCESS",15,4824,NA
0.3,57,30834,"SUCCESS",15,4845,NA
0.3,58,30835,"SUCCESS",15,4837,NA
0.3,59,30836,"SUCCESS",15,4850,NA
0.3,6,30783,"SUCCESS",15,4850,NA
0.3,60,30837,"SUCCESS",15,4838,NA
0.3,61,30838,"SUCCESS",15,4849,NA
0.3,62,30839,"SUCCESS",15,4829,NA
0.3,63,30840,"SUCCESS",15,4839,NA
0.3,64,30841,"SUCCESS",15,4845,NA
0.3,65,30842,"SUCCESS",15,4832,NA
0.3,66,30843,"SUCCESS",15,4837,NA
0.3,67,30844,"SUCCESS",15,4849,NA
0.3,68,30845,"SUCCESS",15,4819,NA
0.3,69,30846,"SUCCESS",15,4872,NA
0.3,7,30784,"SUCCESS",15,4824,NA
0.3,70,30847,"SUCCESS",15,4838,NA
0.3,71,30848,"SUCCESS",15,4824,NA
0.3,72,30849,"SUCCESS",15,4841,NA
0.3,73,30850,"SUCCESS",15,4844,NA
0.3,74,30851,"SUCCESS",15,4837,NA
0.3,75,30852,"SUCCESS",15,4828,NA
0.3,76,30853,"SUCCESS",15,4828,NA
0.3,77,30854,"SUCCESS",15,4829,NA
0.3,78,30855,"SUCCESS",15,4825,NA
0.3,79,30856,"SUCCESS",15,4854,NA
0.3,8,30785,"SUCCESS",15,4854,NA
0.3,80,30857,"SUCCESS",15,4830,NA
0.3,81,30858,"SUCCESS",15,4845,NA
0.3,82,30859,"SUCCESS",15,4828,NA
0.3,83,30860,"SUCCESS",15,4861,NA
0.3,84,30861,"SUCCESS",15,4831,NA
0.3,85,30862,"SUCCESS",15,4846,NA
0.3,86,30863,"SUCCESS",15,4866,NA
0.3,87,30864,"SUCCESS",15,4839,NA
0.3,88,30865,"SUCCESS",15,4850,NA
0.3,89,30866,"SUCCESS",15,4830,NA
0.3,9,30786,"SUCCESS",15,4846,NA
0.3,90,30867,"SUCCESS",15,4809,NA
0.3,91,30868,"SUCCESS",15,4824,NA
0.3,92,30869,"SUCCESS",15,4850,NA
0.3,93,30870,"SUCCESS",15,4841,NA
0.3,94,30871,"SUCCESS",15,4834,NA
0.3,95,30872,"SUCCESS",15,4804,NA
0.3,96,30873,"SUCCESS",15,4820,NA
0.3,97,30874,"SUCCESS",15,4868,NA
0.3,98,30875,"SUCCESS",15,4817,NA
0.3,99,30876,"SUCCESS",15,4843,NA
0.4,1,40778,"SUCCESS",15,4837,NA
0.4,10,40787,"SUCCESS",15,4857,NA
0.4,100,40877,"SUCCESS",15,4838,NA
0.4,11,40788,"SUCCESS",15,4833,NA
0.4,12,40789,"SUCCESS",15,4843,NA
0.4,13,40790,"SUCCESS",15,4855,NA
0.4,14,40791,"SUCCESS",15,4831,NA
0.4,15,40792,"SUCCESS",15,4814,NA
0.4,16,40793,"SUCCESS",15,4828,NA
0.4,17,40794,"SUCCESS",15,4846,NA
0.4,18,40795,"SUCCESS",15,4826,NA
0.4,19,40796,"SUCCESS",15,4832,NA
0.4,2,40779,"SUCCESS",15,4840,NA
0.4,20,40797,"SUCCESS",15,4838,NA
0.4,21,40798,"SUCCESS",15,4814,NA
0.4,22,40799,"SUCCESS",15,4825,NA
0.4,23,40800,"SUCCESS",15,4831,NA
0.4,24,40801,"SUCCESS",15,4835,NA
0.4,25,40802,"SUCCESS",15,4852,NA
0.4,26,40803,"SUCCESS",15,4845,NA
0.4,27,40804,"SUCCESS",15,4815,NA
0.4,28,40805,"SUCCESS",15,4832,NA
0.4,29,40806,"SUCCESS",15,4841,NA
0.4,3,40780,"SUCCESS",15,4839,NA
0.4,30,40807,"SUCCESS",15,4840,NA
0.4,31,40808,"SUCCESS",15,4841,NA
0.4,32,40809,"SUCCESS",15,4866,NA
0.4,33,40810,"SUCCESS",15,4846,NA
0.4,34,40811,"SUCCESS",15,4846,NA
0.4,35,40812,"SUCCESS",15,4822,NA
0.4,36,40813,"SUCCESS",15,4835,NA
0.4,37,40814,"SUCCESS",15,4839,NA
0.4,38,40815,"SUCCESS",15,4830,NA
0.4,39,40816,"SUCCESS",15,4834,NA
0.4,4,40781,"SUCCESS",15,4844,NA
0.4,40,40817,"SUCCESS",15,4845,NA
0.4,41,40818,"SUCCESS",15,4851,NA
0.4,42,40819,"SUCCESS",15,4846,NA
0.4,43,40820,"SUCCESS",15,4849,NA
0.4,44,40821,"SUCCESS",15,4825,NA
0.4,45,40822,"SUCCESS",15,4831,NA
0.4,46,40823,"SUCCESS",15,4848,NA
0.4,47,40824,"SUCCESS",15,4823,NA
0.4,48,40825,"SUCCESS",15,4811,NA
0.4,49,40826,"SUCCESS",15,4858,NA
0.4,5,40782,"SUCCESS",15,4844,NA
0.4,50,40827,"SUCCESS",15,4844,NA
0.4,51,40828,"SUCCESS",15,4821,NA
0.4,52,40829,"SUCCESS",15,4863,NA
0.4,53,40830,"SUCCESS",15,4841,NA
0.4,54,40831,"SUCCESS",15,4854,NA
0.4,55,40832,"SUCCESS",15,4849,NA
0.4,56,40833,"SUCCESS",15,4824,NA
0.4,57,40834,"SUCCESS",15,4858,NA
0.4,58,40835,"SUCCESS",15,4846,NA
0.4,59,40836,"SUCCESS",15,4838,NA
0.4,6,40783,"SUCCESS",15,4842,NA
0.4,60,40837,"SUCCESS",15,4834,NA
0.4,61,40838,"SUCCESS",15,4841,NA
0.4,62,40839,"SUCCESS",15,4834,NA
0.4,63,40840,"SUCCESS",15,4846,NA
0.4,64,40841,"SUCCESS",15,4841,NA
0.4,65,40842,"SUCCESS",15,4837,NA
0.4,66,40843,"SUCCESS",15,4838,NA
0.4,67,40844,"SUCCESS",15,4823,NA
0.4,68,40845,"SUCCESS",15,4820,NA
0.4,69,40846,"SUCCESS",15,4815,NA
0.4,7,40784,"SUCCESS",15,4834,NA
0.4,70,40847,"SUCCESS",15,4864,NA
0.4,71,40848,"SUCCESS",15,4846,NA
0.4,72,40849,"SUCCESS",15,4852,NA
0.4,73,40850,"SUCCESS",15,4832,NA
0.4,74,40851,"SUCCESS",15,4843,NA
0.4,75,40852,"SUCCESS",15,4851,NA
0.4,76,40853,"SUCCESS",15,4865,NA
0.4,77,40854,"SUCCESS",15,4849,NA
0.4,78,40855,"SUCCESS",15,4844,NA
0.4,79,40856,"SUCCESS",15,4856,NA
0.4,8,41562,"SUCCESS",15,4843,NA
0.4,80,40857,"SUCCESS",15,4837,NA
0.4,81,40858,"SUCCESS",15,4819,NA
0.4,82,40859,"SUCCESS",15,4841,NA
0.4,83,40860,"SUCCESS",15,4835,NA
0.4,84,40861,"SUCCESS",15,4841,NA
0.4,85,40862,"SUCCESS",15,4841,NA
0.4,86,40863,"SUCCESS",15,4855,NA
0.4,87,40864,"SUCCESS",15,4854,NA
0.4,88,40865,"SUCCESS",15,4825,NA
0.4,89,40866,"SUCCESS",16,4878,NA
0.4,9,40786,"SUCCESS",15,4834,NA
0.4,90,40867,"SUCCESS",15,4846,NA
0.4,91,40868,"SUCCESS",15,4855,NA
0.4,92,40869,"SUCCESS",15,4816,NA
0.4,93,40870,"SUCCESS",15,4863,NA
0.4,94,40871,"SUCCESS",15,4838,NA
0.4,95,40872,"SUCCESS",15,4840,NA
0.4,96,40873,"SUCCESS",15,4845,NA
0.4,97,40874,"SUCCESS",15,4853,NA
0.4,98,40875,"SUCCESS",15,4828,NA
0.4,99,40876,"SUCCESS",15,4827,NA
0.5,1,50778,"SUCCESS",15,4829,NA
0.5,10,50787,"SUCCESS",15,4845,NA
0.5,100,50877,"SUCCESS",15,4823,NA
0.5,11,50788,"SUCCESS",15,4849,NA
0.5,12,50789,"SUCCESS",15,4832,NA
0.5,13,50790,"SUCCESS",15,4822,NA
0.5,14,50791,"SUCCESS",15,4864,NA
0.5,15,50792,"SUCCESS",15,4836,NA
0.5,16,50793,"SUCCESS",15,4837,NA
0.5,17,50794,"SUCCESS",15,4828,NA
0.5,18,50795,"SUCCESS",15,4834,NA
0.5,19,50796,"SUCCESS",15,4835,NA
0.5,2,50779,"SUCCESS",15,4838,NA
0.5,20,50797,"SUCCESS",15,4833,NA
0.5,21,50798,"SUCCESS",15,4857,NA
0.5,22,50799,"SUCCESS",15,4843,NA
0.5,23,50800,"SUCCESS",15,4868,NA
0.5,24,50801,"SUCCESS",15,4841,NA
0.5,25,50802,"SUCCESS",15,4833,NA
0.5,26,50803,"SUCCESS",15,4846,NA
0.5,27,50804,"SUCCESS",15,4851,NA
0.5,28,50805,"SUCCESS",15,4857,NA
0.5,29,50806,"SUCCESS",15,4825,NA
0.5,3,50780,"SUCCESS",15,4849,NA
0.5,30,50807,"SUCCESS",15,4844,NA
0.5,31,50808,"SUCCESS",15,4835,NA
0.5,32,50809,"SUCCESS",15,4835,NA
0.5,33,50810,"SUCCESS",15,4838,NA
0.5,34,50811,"SUCCESS",15,4829,NA
0.5,35,50812,"SUCCESS",15,4852,NA
0.5,36,50813,"SUCCESS",15,4835,NA
0.5,37,50814,"SUCCESS",15,4831,NA
0.5,38,50815,"SUCCESS",15,4847,NA
0.5,39,50816,"SUCCESS",15,4841,NA
0.5,4,50781,"SUCCESS",15,4823,NA
0.5,40,50817,"SUCCESS",15,4842,NA
0.5,41,50818,"SUCCESS",15,4847,NA
0.5,42,50819,"SUCCESS",15,4836,NA
0.5,43,50820,"SUCCESS",15,4851,NA
0.5,44,50821,"SUCCESS",15,4805,NA
0.5,45,50822,"SUCCESS",15,4840,NA
0.5,46,50823,"SUCCESS",15,4860,NA
0.5,47,50824,"SUCCESS",15,4828,NA
0.5,48,50825,"SUCCESS",15,4844,NA
0.5,49,50826,"SUCCESS",15,4830,NA
0.5,5,50782,"SUCCESS",15,4851,NA
0.5,50,50827,"SUCCESS",15,4833,NA
0.5,51,50828,"SUCCESS",15,4847,NA
0.5,52,50829,"SUCCESS",15,4837,NA
0.5,53,50830,"SUCCESS",15,4844,NA
0.5,54,50831,"SUCCESS",15,4812,NA
0.5,55,50832,"SUCCESS",15,4827,NA
0.5,56,50833,"SUCCESS",15,4842,NA
0.5,57,50834,"SUCCESS",15,4831,NA
0.5,58,50835,"SUCCESS",15,4852,NA
0.5,59,50836,"SUCCESS",15,4843,NA
0.5,6,50783,"SUCCESS",15,4838,NA
0.5,60,50837,"SUCCESS",15,4842,NA
0.5,61,50838,"SUCCESS",15,4852,NA
0.5,62,50839,"SUCCESS",15,4847,NA
0.5,63,50840,"SUCCESS",15,4838,NA
0.5,64,50841,"SUCCESS",15,4827,NA
0.5,65,50842,"SUCCESS",15,4848,NA
0.5,66,51620,"SUCCESS",15,4854,NA
0.5,67,50844,"SUCCESS",15,4858,NA
0.5,68,50845,"SUCCESS",15,4842,NA
0.5,69,50846,"SUCCESS",15,4833,NA
0.5,7,50784,"SUCCESS",15,4809,NA
0.5,70,50847,"SUCCESS",15,4828,NA
0.5,71,50848,"SUCCESS",15,4837,NA
0.5,72,50849,"SUCCESS",16,4852,NA
0.5,73,50850,"SUCCESS",15,4850,NA
0.5,74,50851,"SUCCESS",15,4844,NA
0.5,75,50852,"SUCCESS",15,4828,NA
0.5,76,50853,"SUCCESS",15,4822,NA
0.5,77,50854,"SUCCESS",15,4830,NA
0.5,78,50855,"SUCCESS",15,4834,NA
0.5,79,50856,"SUCCESS",15,4843,NA
0.5,8,50785,"SUCCESS",15,4832,NA
0.5,80,50857,"SUCCESS",15,4849,NA
0.5,81,50858,"SUCCESS",15,4844,NA
0.5,82,50859,"SUCCESS",15,4850,NA
0.5,83,50860,"SUCCESS",15,4818,NA
0.5,84,50861,"SUCCESS",15,4862,NA
0.5,85,50862,"SUCCESS",15,4842,NA
0.5,86,50863,"SUCCESS",15,4844,NA
0.5,87,50864,"SUCCESS",15,4854,NA
0.5,88,50865,"SUCCESS",15,4863,NA
0.5,89,50866,"SUCCESS",15,4832,NA
0.5,9,50786,"SUCCESS",15,4821,NA
0.5,90,50867,"SUCCESS",15,4815,NA
0.5,91,50868,"SUCCESS",15,4841,NA
0.5,92,50869,"SUCCESS",15,4835,NA
0.5,93,50870,"SUCCESS",15,4845,NA
0.5,94,50871,"SUCCESS",15,4837,NA
0.5,95,50872,"SUCCESS",15,4819,NA
0.5,96,50873,"SUCCESS",15,4812,NA
0.5,97,50874,"SUCCESS",15,4829,NA
0.5,98,50875,"SUCCESS",15,4832,NA
0.5,99,50876,"SUCCESS",15,4846,NA
0.6,1,60778,"SUCCESS",15,4843,NA
0.6,10,60787,"SUCCESS",15,4819,NA
0.6,100,60877,"SUCCESS",15,4846,NA
0.6,11,60788,"SUCCESS",15,4854,NA
0.6,12,60789,"SUCCESS",15,4831,NA
0.6,13,60790,"SUCCESS",15,4857,NA
0.6,14,60791,"SUCCESS",15,4843,NA
0.6,15,60792,"SUCCESS",15,4835,NA
0.6,16,60793,"SUCCESS",15,4837,NA
0.6,17,60794,"SUCCESS",15,4853,NA
0.6,18,60795,"SUCCESS",15,4827,NA
0.6,19,60796,"SUCCESS",15,4851,NA
0.6,2,60779,"SUCCESS",16,4835,NA
0.6,20,60797,"SUCCESS",15,4863,NA
0.6,21,60798,"SUCCESS",15,4829,NA
0.6,22,60799,"SUCCESS",15,4842,NA
0.6,23,60800,"SUCCESS",15,4824,NA
0.6,24,61578,"SUCCESS",15,4832,NA
0.6,25,60802,"SUCCESS",15,4866,NA
0.6,26,60803,"SUCCESS",15,4833,NA
0.6,27,60804,"SUCCESS",15,4849,NA
0.6,28,60805,"SUCCESS",15,4821,NA
0.6,29,60806,"SUCCESS",15,4833,NA
0.6,3,60780,"SUCCESS",15,4838,NA
0.6,30,60807,"SUCCESS",15,4839,NA
0.6,31,60808,"SUCCESS",15,4853,NA
0.6,32,60809,"SUCCESS",15,4861,NA
0.6,33,60810,"SUCCESS",15,4844,NA
0.6,34,60811,"SUCCESS",15,4828,NA
0.6,35,60812,"SUCCESS",15,4842,NA
0.6,36,60813,"SUCCESS",15,4837,NA
0.6,37,60814,"SUCCESS",15,4840,NA
0.6,38,60815,"SUCCESS",15,4847,NA
0.6,39,60816,"SUCCESS",15,4844,NA
0.6,4,60781,"SUCCESS",15,4816,NA
0.6,40,60817,"SUCCESS",15,4807,NA
0.6,41,60818,"SUCCESS",15,4819,NA
0.6,42,60819,"SUCCESS",15,4848,NA
0.6,43,60820,"SUCCESS",15,4824,NA
0.6,44,60821,"SUCCESS",15,4815,NA
0.6,45,60822,"SUCCESS",15,4838,NA
0.6,46,60823,"SUCCESS",15,4832,NA
0.6,47,60824,"SUCCESS",15,4826,NA
0.6,48,60825,"SUCCESS",15,4828,NA
0.6,49,60826,"SUCCESS",15,4846,NA
0.6,5,60782,"SUCCESS",15,4809,NA
0.6,50,60827,"SUCCESS",15,4844,NA
0.6,51,60828,"SUCCESS",15,4829,NA
0.6,52,60829,"SUCCESS",15,4830,NA
0.6,53,60830,"SUCCESS",15,4847,NA
0.6,54,60831,"SUCCESS",15,4812,NA
0.6,55,60832,"SUCCESS",15,4837,NA
0.6,56,60833,"SUCCESS",15,4856,NA
0.6,57,60834,"SUCCESS",15,4836,NA
0.6,58,60835,"SUCCESS",15,4851,NA
0.6,59,60836,"SUCCESS",15,4841,NA
0.6,6,60783,"SUCCESS",15,4845,NA
0.6,60,60837,"SUCCESS",15,4856,NA
0.6,61,60838,"SUCCESS",15,4855,NA
0.6,62,60839,"SUCCESS",15,4842,NA
0.6,63,60840,"SUCCESS",15,4838,NA
0.6,64,60841,"SUCCESS",15,4843,NA
0.6,65,60842,"SUCCESS",15,4838,NA
0.6,66,60843,"SUCCESS",15,4850,NA
0.6,67,60844,"SUCCESS",15,4834,NA
0.6,68,60845,"SUCCESS",15,4833,NA
0.6,69,60846,"SUCCESS",15,4833,NA
0.6,7,60784,"SUCCESS",15,4843,NA
0.6,70,60847,"SUCCESS",15,4841,NA
0.6,71,60848,"SUCCESS",15,4825,NA
0.6,72,60849,"SUCCESS",15,4836,NA
0.6,73,60850,"SUCCESS",15,4852,NA
0.6,74,60851,"SUCCESS",15,4818,NA
0.6,75,60852,"SUCCESS",15,4839,NA
0.6,76,60853,"SUCCESS",15,4853,NA
0.6,77,60854,"SUCCESS",15,4828,NA
0.6,78,60855,"SUCCESS",15,4842,NA
0.6,79,60856,"SUCCESS",15,4839,NA
0.6,8,60785,"SUCCESS",15,4834,NA
0.6,80,60857,"SUCCESS",15,4858,NA
0.6,81,60858,"SUCCESS",15,4855,NA
0.6,82,60859,"SUCCESS",15,4820,NA
0.6,83,60860,"SUCCESS",15,4835,NA
0.6,84,60861,"SUCCESS",15,4832,NA
0.6,85,60862,"SUCCESS",15,4821,NA
0.6,86,60863,"SUCCESS",15,4852,NA
0.6,87,60864,"SUCCESS",15,4831,NA
0.6,88,60865,"SUCCESS",15,4845,NA
0.6,89,60866,"SUCCESS",15,4826,NA
0.6,9,60786,"SUCCESS",15,4837,NA
0.6,90,60867,"SUCCESS",15,4826,NA
0.6,91,60868,"SUCCESS",15,4829,NA
0.6,92,60869,"SUCCESS",15,4839,NA
0.6,93,60870,"SUCCESS",15,4852,NA
0.6,94,60871,"SUCCESS",15,4826,NA
0.6,95,60872,"SUCCESS",15,4846,NA
0.6,96,60873,"SUCCESS",15,4823,NA
0.6,97,60874,"SUCCESS",15,4813,NA
0.6,98,60875,"SUCCESS",15,4844,NA
0.6,99,61653,"SUCCESS",15,4850,NA
0.7,1,70778,"SUCCESS",15,4854,NA
0.7,10,70787,"SUCCESS",15,4820,NA
0.7,100,70877,"SUCCESS",15,4840,NA
0.7,11,70788,"SUCCESS",15,4830,NA
0.7,12,70789,"SUCCESS",15,4819,NA
0.7,13,70790,"SUCCESS",15,4851,NA
0.7,14,70791,"SUCCESS",15,4823,NA
0.7,15,70792,"SUCCESS",15,4841,NA
0.7,16,70793,"SUCCESS",15,4828,NA
0.7,17,70794,"SUCCESS",15,4837,NA
0.7,18,70795,"SUCCESS",15,4828,NA
0.7,19,70796,"SUCCESS",15,4845,NA
0.7,2,70779,"SUCCESS",15,4841,NA
0.7,20,70797,"SUCCESS",15,4807,NA
0.7,21,70798,"SUCCESS",15,4815,NA
0.7,22,70799,"SUCCESS",15,4829,NA
0.7,23,70800,"SUCCESS",15,4830,NA
0.7,24,70801,"SUCCESS",15,4838,NA
0.7,25,70802,"SUCCESS",15,4849,NA
0.7,26,70803,"SUCCESS",15,4832,NA
0.7,27,70804,"SUCCESS",15,4804,NA
0.7,28,70805,"SUCCESS",15,4843,NA
0.7,29,70806,"SUCCESS",15,4848,NA
0.7,3,70780,"SUCCESS",15,4841,NA
0.7,30,70807,"SUCCESS",15,4842,NA
0.7,31,70808,"SUCCESS",15,4823,NA
0.7,32,70809,"SUCCESS",15,4842,NA
0.7,33,70810,"SUCCESS",15,4846,NA
0.7,34,70811,"SUCCESS",15,4829,NA
0.7,35,70812,"SUCCESS",15,4854,NA
0.7,36,70813,"SUCCESS",15,4838,NA
0.7,37,70814,"SUCCESS",15,4830,NA
0.7,38,70815,"SUCCESS",15,4824,NA
0.7,39,70816,"SUCCESS",15,4841,NA
0.7,4,70781,"SUCCESS",15,4848,NA
0.7,40,70817,"SUCCESS",15,4822,NA
0.7,41,70818,"SUCCESS",15,4826,NA
0.7,42,70819,"SUCCESS",15,4852,NA
0.7,43,70820,"SUCCESS",15,4840,NA
0.7,44,70821,"SUCCESS",15,4839,NA
0.7,45,70822,"SUCCESS",15,4811,NA
0.7,46,70823,"SUCCESS",15,4853,NA
0.7,47,70824,"SUCCESS",15,4830,NA
0.7,48,70825,"SUCCESS",15,4842,NA
0.7,49,70826,"SUCCESS",15,4833,NA
0.7,5,70782,"SUCCESS",15,4845,NA
0.7,50,70827,"SUCCESS",15,4841,NA
0.7,51,70828,"SUCCESS",15,4854,NA
0.7,52,70829,"SUCCESS",15,4826,NA
0.7,53,70830,"SUCCESS",15,4846,NA
0.7,54,70831,"SUCCESS",15,4841,NA
0.7,55,70832,"SUCCESS",15,4838,NA
0.7,56,70833,"SUCCESS",16,4847,NA
0.7,57,70834,"SUCCESS",15,4813,NA
0.7,58,70835,"SUCCESS",15,4847,NA
0.7,59,70836,"SUCCESS",15,4830,NA
0.7,6,70783,"SUCCESS",15,4873,NA
0.7,60,70837,"SUCCESS",15,4848,NA
0.7,61,70838,"SUCCESS",15,4823,NA
0.7,62,70839,"SUCCESS",15,4838,NA
0.7,63,70840,"SUCCESS",15,4849,NA
0.7,64,70841,"SUCCESS",15,4852,NA
0.7,65,70842,"SUCCESS",15,4839,NA
0.7,66,70843,"SUCCESS",15,4851,NA
0.7,67,70844,"SUCCESS",15,4840,NA
0.7,68,70845,"SUCCESS",15,4855,NA
0.7,69,70846,"SUCCESS",15,4825,NA
0.7,7,70784,"SUCCESS",15,4829,NA
0.7,70,70847,"SUCCESS",15,4848,NA
0.7,71,70848,"SUCCESS",15,4837,NA
0.7,72,70849,"SUCCESS",15,4815,NA
0.7,73,70850,"SUCCESS",15,4833,NA
0.7,74,70851,"SUCCESS",15,4827,NA
0.7,75,70852,"SUCCESS",15,4843,NA
0.7,76,70853,"SUCCESS",15,4856,NA
0.7,77,70854,"SUCCESS",15,4831,NA
0.7,78,70855,"SUCCESS",15,4815,NA
0.7,79,70856,"SUCCESS",15,4842,NA
0.7,8,70785,"SUCCESS",15,4825,NA
0.7,80,70857,"SUCCESS",15,4842,NA
0.7,81,70858,"SUCCESS",15,4856,NA
0.7,82,70859,"SUCCESS",15,4835,NA
0.7,83,70860,"SUCCESS",15,4850,NA
0.7,84,70861,"SUCCESS",15,4836,NA
0.7,85,70862,"SUCCESS",15,4824,NA
0.7,86,70863,"SUCCESS",15,4845,NA
0.7,87,70864,"SUCCESS",15,4847,NA
0.7,88,70865,"SUCCESS",15,4833,NA
0.7,89,70866,"SUCCESS",15,4834,NA
0.7,9,70786,"SUCCESS",15,4843,NA
0.7,90,70867,"SUCCESS",15,4826,NA
0.7,91,70868,"SUCCESS",15,4838,NA
0.7,92,70869,"SUCCESS",15,4844,NA
0.7,93,70870,"SUCCESS",15,4828,NA
0.7,94,70871,"SUCCESS",15,4837,NA
0.7,95,70872,"SUCCESS",15,4851,NA
0.7,96,70873,"SUCCESS",15,4844,NA
0.7,97,70874,"SUCCESS",15,4865,NA
0.7,98,70875,"SUCCESS",15,4806,NA
0.7,99,70876,"SUCCESS",15,4835,NA
0.8,1,80778,"SUCCESS",15,4861,NA
0.8,10,80787,"SUCCESS",15,4834,NA
0.8,100,80877,"SUCCESS",15,4822,NA
0.8,11,80788,"SUCCESS",15,4804,NA
0.8,12,80789,"SUCCESS",15,4847,NA
0.8,13,80790,"SUCCESS",15,4853,NA
0.8,14,80791,"SUCCESS",15,4846,NA
0.8,15,80792,"SUCCESS",15,4862,NA
0.8,16,80793,"SUCCESS",15,4819,NA
0.8,17,80794,"SUCCESS",15,4836,NA
0.8,18,80795,"SUCCESS",15,4832,NA
0.8,19,80796,"SUCCESS",15,4830,NA
0.8,2,80779,"SUCCESS",15,4803,NA
0.8,20,80797,"SUCCESS",15,4831,NA
0.8,21,80798,"SUCCESS",15,4846,NA
0.8,22,80799,"SUCCESS",15,4842,NA
0.8,23,80800,"SUCCESS",15,4830,NA
0.8,24,80801,"SUCCESS",15,4819,NA
0.8,25,80802,"SUCCESS",15,4828,NA
0.8,26,80803,"SUCCESS",15,4859,NA
0.8,27,80804,"SUCCESS",15,4842,NA
0.8,28,80805,"SUCCESS",15,4842,NA
0.8,29,80806,"SUCCESS",15,4842,NA
0.8,3,80780,"SUCCESS",15,4849,NA
0.8,30,80807,"SUCCESS",15,4844,NA
0.8,31,80808,"SUCCESS",15,4840,NA
0.8,32,80809,"SUCCESS",15,4841,NA
0.8,33,80810,"SUCCESS",15,4831,NA
0.8,34,80811,"SUCCESS",15,4840,NA
0.8,35,80812,"SUCCESS",15,4840,NA
0.8,36,80813,"SUCCESS",15,4817,NA
0.8,37,80814,"SUCCESS",15,4850,NA
0.8,38,80815,"SUCCESS",15,4848,NA
0.8,39,80816,"SUCCESS",15,4847,NA
0.8,4,80781,"SUCCESS",15,4835,NA
0.8,40,80817,"SUCCESS",15,4817,NA
0.8,41,80818,"SUCCESS",15,4839,NA
0.8,42,80819,"SUCCESS",15,4843,NA
0.8,43,80820,"SUCCESS",15,4839,NA
0.8,44,80821,"SUCCESS",15,4843,NA
0.8,45,80822,"SUCCESS",15,4837,NA
0.8,46,80823,"SUCCESS",15,4812,NA
0.8,47,80824,"SUCCESS",15,4835,NA
0.8,48,80825,"SUCCESS",15,4824,NA
0.8,49,80826,"SUCCESS",15,4826,NA
0.8,5,80782,"SUCCESS",15,4848,NA
0.8,50,80827,"SUCCESS",15,4852,NA
0.8,51,80828,"SUCCESS",15,4847,NA
0.8,52,80829,"SUCCESS",15,4825,NA
0.8,53,80830,"SUCCESS",15,4838,NA
0.8,54,80831,"SUCCESS",15,4853,NA
0.8,55,80832,"SUCCESS",15,4832,NA
0.8,56,80833,"SUCCESS",15,4834,NA
0.8,57,80834,"SUCCESS",15,4843,NA
0.8,58,80835,"SUCCESS",15,4839,NA
0.8,59,80836,"SUCCESS",15,4837,NA
0.8,6,80783,"SUCCESS",15,4832,NA
0.8,60,80837,"SUCCESS",15,4828,NA
0.8,61,80838,"SUCCESS",15,4836,NA
0.8,62,80839,"SUCCESS",15,4841,NA
0.8,63,80840,"SUCCESS",15,4838,NA
0.8,64,80841,"SUCCESS",15,4817,NA
0.8,65,80842,"SUCCESS",15,4845,NA
0.8,66,80843,"SUCCESS",15,4841,NA
0.8,67,80844,"SUCCESS",15,4842,NA
0.8,68,80845,"SUCCESS",15,4846,NA
0.8,69,80846,"SUCCESS",15,4835,NA
0.8,7,80784,"SUCCESS",15,4854,NA
0.8,70,80847,"SUCCESS",15,4853,NA
0.8,71,80848,"SUCCESS",15,4815,NA
0.8,72,80849,"SUCCESS",15,4843,NA
0.8,73,80850,"SUCCESS",15,4831,NA
0.8,74,80851,"SUCCESS",15,4857,NA
0.8,75,80852,"SUCCESS",15,4837,NA
0.8,76,80853,"SUCCESS",15,4815,NA
0.8,77,80854,"SUCCESS",15,4855,NA
0.8,78,80855,"SUCCESS",15,4844,NA
0.8,79,80856,"SUCCESS",15,4845,NA
0.8,8,80785,"SUCCESS",15,4837,NA
0.8,80,80857,"SUCCESS",15,4817,NA
0.8,81,80858,"SUCCESS",15,4835,NA
0.8,82,80859,"SUCCESS",15,4845,NA
0.8,83,80860,"SUCCESS",15,4844,NA
0.8,84,80861,"SUCCESS",15,4857,NA
0.8,85,80862,"SUCCESS",15,4822,NA
0.8,86,80863,"SUCCESS",15,4852,NA
0.8,87,80864,"SUCCESS",15,4826,NA
0.8,88,80865,"SUCCESS",15,4841,NA
0.8,89,80866,"SUCCESS",15,4864,NA
0.8,9,80786,"SUCCESS",15,4832,NA
0.8,90,80867,"SUCCESS",15,4835,NA
0.8,91,80868,"SUCCESS",15,4840,NA
0.8,92,80869,"SUCCESS",15,4851,NA
0.8,93,80870,"SUCCESS",15,4823,NA
0.8,94,80871,"SUCCESS",15,4840,NA
0.8,95,80872,"SUCCESS",15,4844,NA
0.8,96,80873,"SUCCESS",15,4849,NA
0.8,97,80874,"SUCCESS",15,4842,NA
0.8,98,80875,"SUCCESS",15,4823,NA
0.8,99,80876,"SUCCESS",15,4831,NA
0.9,1,90778,"SUCCESS",15,4843,NA
0.9,10,90787,"SUCCESS",15,4839,NA
0.9,100,90877,"SUCCESS",15,4839,NA
0.9,11,90788,"SUCCESS",15,4844,NA
0.9,12,90789,"SUCCESS",15,4813,NA
0.9,13,90790,"SUCCESS",15,4856,NA
0.9,14,90791,"SUCCESS",15,4848,NA
0.9,15,90792,"SUCCESS",15,4829,NA
0.9,16,90793,"SUCCESS",15,4819,NA
0.9,17,90794,"SUCCESS",15,4828,NA
0.9,18,90795,"SUCCESS",15,4844,NA
0.9,19,90796,"SUCCESS",15,4878,NA
0.9,2,90779,"SUCCESS",15,4841,NA
0.9,20,90797,"SUCCESS",15,4848,NA
0.9,21,90798,"SUCCESS",15,4836,NA
0.9,22,90799,"SUCCESS",15,4862,NA
0.9,23,90800,"SUCCESS",15,4856,NA
0.9,24,90801,"SUCCESS",15,4814,NA
0.9,25,90802,"SUCCESS",15,4824,NA
0.9,26,90803,"SUCCESS",15,4835,NA
0.9,27,90804,"SUCCESS",15,4842,NA
0.9,28,90805,"SUCCESS",15,4841,NA
0.9,29,90806,"SUCCESS",15,4847,NA
0.9,3,90780,"SUCCESS",15,4833,NA
0.9,30,90807,"SUCCESS",15,4838,NA
0.9,31,90808,"SUCCESS",15,4841,NA
0.9,32,90809,"SUCCESS",15,4840,NA
0.9,33,90810,"SUCCESS",15,4838,NA
0.9,34,90811,"SUCCESS",15,4840,NA
0.9,35,90812,"SUCCESS",15,4846,NA
0.9,36,90813,"SUCCESS",15,4835,NA
0.9,37,90814,"SUCCESS",15,4835,NA
0.9,38,90815,"SUCCESS",15,4837,NA
0.9,39,90816,"SUCCESS",15,4841,NA
0.9,4,90781,"SUCCESS",15,4850,NA
0.9,40,90817,"SUCCESS",15,4845,NA
0.9,41,90818,"SUCCESS",15,4862,NA
0.9,42,90819,"SUCCESS",15,4834,NA
0.9,43,90820,"SUCCESS",15,4831,NA
0.9,44,90821,"SUCCESS",15,4835,NA
0.9,45,90822,"SUCCESS",15,4827,NA
0.9,46,90823,"SUCCESS",15,4826,NA
0.9,47,90824,"SUCCESS",15,4859,NA
0.9,48,90825,"SUCCESS",15,4847,NA
0.9,49,90826,"SUCCESS",15,4839,NA
0.9,5,90782,"SUCCESS",15,4812,NA
0.9,50,90827,"SUCCESS",15,4857,NA
0.9,51,90828,"SUCCESS",15,4830,NA
0.9,52,90829,"SUCCESS",15,4837,NA
0.9,53,90830,"SUCCESS",15,4840,NA
0.9,54,90831,"SUCCESS",15,4855,NA
0.9,55,90832,"SUCCESS",15,4845,NA
0.9,56,90833,"SUCCESS",15,4821,NA
0.9,57,90834,"SUCCESS",15,4845,NA
0.9,58,90835,"SUCCESS",15,4848,NA
0.9,59,90836,"SUCCESS",15,4821,NA
0.9,6,90783,"SUCCESS",15,4835,NA
0.9,60,90837,"SUCCESS",15,4851,NA
0.9,61,90838,"SUCCESS",15,4835,NA
0.9,62,90839,"SUCCESS",15,4863,NA
0.9,63,90840,"SUCCESS",15,4829,NA
0.9,64,90841,"SUCCESS",15,4832,NA
0.9,65,90842,"SUCCESS",15,4850,NA
0.9,66,90843,"SUCCESS",15,4844,NA
0.9,67,90844,"SUCCESS",15,4838,NA
0.9,68,90845,"SUCCESS",15,4839,NA
0.9,69,90846,"SUCCESS",15,4821,NA
0.9,7,90784,"SUCCESS",15,4841,NA
0.9,70,90847,"SUCCESS",15,4824,NA
0.9,71,90848,"SUCCESS",15,4846,NA
0.9,72,90849,"SUCCESS",15,4835,NA
0.9,73,90850,"SUCCESS",15,4822,NA
0.9,74,90851,"SUCCESS",15,4840,NA
0.9,75,90852,"SUCCESS",15,4825,NA
0.9,76,90853,"SUCCESS",15,4835,NA
0.9,77,90854,"SUCCESS",15,4814,NA
0.9,78,90855,"SUCCESS",15,4868,NA
0.9,79,90856,"SUCCESS",15,4841,NA
0.9,8,90785,"SUCCESS",15,4801,NA
0.9,80,90857,"SUCCESS",15,4842,NA
0.9,81,90858,"SUCCESS",15,4844,NA
0.9,82,90859,"SUCCESS",15,4830,NA
0.9,83,90860,"SUCCESS",15,4837,NA
0.9,84,90861,"SUCCESS",15,4838,NA
0.9,85,90862,"SUCCESS",15,4834,NA
0.9,86,90863,"SUCCESS",15,4854,NA
0.9,87,90864,"SUCCESS",15,4843,NA
0.9,88,90865,"SUCCESS",15,4854,NA
0.9,89,90866,"SUCCESS",15,4835,NA
0.9,9,90786,"SUCCESS",15,4849,NA
0.9,90,90867,"SUCCESS",15,4865,NA
0.9,91,90868,"SUCCESS",15,4846,NA
0.9,92,90869,"SUCCESS",15,4842,NA
0.9,93,90870,"SUCCESS",15,4868,NA
0.9,94,90871,"SUCCESS",15,4830,NA
0.9,95,90872,"SUCCESS",15,4827,NA
0.9,96,90873,"SUCCESS",15,4846,NA
0.9,97,90874,"SUCCESS",15,4831,NA
0.9,98,90875,"SUCCESS",15,4849,NA
0.9,99,90876,"SUCCESS",15,4828,NA
