"Fractionation_Loss","Replicate","Seed","Status","Final_LGs","Retained_OGs","Error_Detail"
0.1,1,910778,"SUCCESS",16,4740,NA
0.1,10,910787,"SUCCESS",15,4758,NA
0.1,100,910877,"SUCCESS",15,4739,NA
0.1,11,910788,"SUCCESS",16,4728,NA
0.1,12,910789,"SUCCESS",15,4751,NA
0.1,13,910790,"SUCCESS",15,4753,NA
0.1,14,910791,"SUCCESS",15,4751,NA
0.1,15,910792,"SUCCESS",15,4694,NA
0.1,16,910793,"SUCCESS",15,4717,NA
0.1,17,910794,"SUCCESS",15,4781,NA
0.1,18,910795,"SUCCESS",15,4759,NA
0.1,19,910796,"SUCCESS",15,4732,NA
0.1,2,910779,"SUCCESS",16,4699,NA
0.1,20,910797,"SUCCESS",15,4760,NA
0.1,21,910798,"SUCCESS",16,4732,NA
0.1,22,910799,"SUCCESS",15,4751,NA
0.1,23,910800,"SUCCESS",15,4762,NA
0.1,24,910801,"SUCCESS",15,4728,NA
0.1,25,910802,"SUCCESS",15,4743,NA
0.1,26,910803,"SUCCESS",15,4707,NA
0.1,27,910804,"SUCCESS",15,4746,NA
0.1,28,910805,"SUCCESS",15,4769,NA
0.1,29,910806,"SUCCESS",15,4771,NA
0.1,3,910780,"SUCCESS",15,4756,NA
0.1,30,910807,"SUCCESS",15,4733,NA
0.1,31,910808,"SUCCESS",15,4732,NA
0.1,32,910809,"SUCCESS",15,4693,NA
0.1,33,910810,"SUCCESS",15,4745,NA
0.1,34,910811,"SUCCESS",15,4757,NA
0.1,35,910812,"SUCCESS",15,4741,NA
0.1,36,910813,"SUCCESS",15,4741,NA
0.1,37,910814,"SUCCESS",15,4736,NA
0.1,38,910815,"SUCCESS",15,4743,NA
0.1,39,910816,"SUCCESS",15,4762,NA
0.1,4,910781,"SUCCESS",15,4760,NA
0.1,40,910817,"SUCCESS",15,4748,NA
0.1,41,910818,"SUCCESS",16,4750,NA
0.1,42,910819,"SUCCESS",15,4760,NA
0.1,43,910820,"SUCCESS",15,4739,NA
0.1,44,910821,"SUCCESS",15,4739,NA
0.1,45,910822,"SUCCESS",15,4762,NA
0.1,46,910823,"SUCCESS",15,4724,NA
0.1,47,910824,"SUCCESS",15,4745,NA
0.1,48,910825,"SUCCESS",15,4765,NA
0.1,49,910826,"SUCCESS",16,4750,NA
0.1,5,910782,"SUCCESS",15,4716,NA
0.1,50,910827,"SUCCESS",15,4780,NA
0.1,51,910828,"SUCCESS",15,4717,NA
0.1,52,910829,"SUCCESS",16,4740,NA
0.1,53,910830,"SUCCESS",15,4753,NA
0.1,54,910831,"SUCCESS",15,4753,NA
0.1,55,910832,"SUCCESS",15,4742,NA
0.1,56,910833,"SUCCESS",15,4749,NA
0.1,57,910834,"SUCCESS",16,4784,NA
0.1,58,910835,"SUCCESS",15,4739,NA
0.1,59,910836,"SUCCESS",15,4680,NA
0.1,6,910783,"SUCCESS",15,4746,NA
0.1,60,910837,"SUCCESS",15,4746,NA
0.1,61,910838,"SUCCESS",15,4725,NA
0.1,62,910839,"SUCCESS",15,4718,NA
0.1,63,910840,"SUCCESS",15,4725,NA
0.1,64,910841,"SUCCESS",15,4748,NA
0.1,65,910842,"SUCCESS",15,4732,NA
0.1,66,910843,"SUCCESS",15,4730,NA
0.1,67,910844,"SUCCESS",15,4748,NA
0.1,68,910845,"SUCCESS",16,4700,NA
0.1,69,910846,"SUCCESS",15,4720,NA
0.1,7,910784,"SUCCESS",16,4766,NA
0.1,70,910847,"SUCCESS",15,4751,NA
0.1,71,910848,"SUCCESS",15,4650,NA
0.1,72,910849,"SUCCESS",15,4723,NA
0.1,73,910850,"SUCCESS",15,4786,NA
0.1,74,910851,"SUCCESS",15,4769,NA
0.1,75,910852,"SUCCESS",15,4716,NA
0.1,76,910853,"SUCCESS",15,4746,NA
0.1,77,910854,"SUCCESS",15,4765,NA
0.1,78,910855,"SUCCESS",15,4753,NA
0.1,79,910856,"SUCCESS",15,4713,NA
0.1,8,910785,"SUCCESS",15,4802,NA
0.1,80,910857,"SUCCESS",15,4704,NA
0.1,81,910858,"SUCCESS",15,4707,NA
0.1,82,910859,"SUCCESS",15,4719,NA
0.1,83,910860,"SUCCESS",15,4706,NA
0.1,84,910861,"SUCCESS",15,4748,NA
0.1,85,910862,"SUCCESS",15,4707,NA
0.1,86,910863,"SUCCESS",15,4760,NA
0.1,87,910864,"SUCCESS",15,4707,NA
0.1,88,910865,"SUCCESS",15,4742,NA
0.1,89,910866,"SUCCESS",15,4734,NA
0.1,9,910786,"SUCCESS",15,4744,NA
0.1,90,910867,"SUCCESS",15,4690,NA
0.1,91,910868,"SUCCESS",15,4776,NA
0.1,92,910869,"SUCCESS",15,4712,NA
0.1,93,910870,"SUCCESS",15,4642,NA
0.1,94,910871,"SUCCESS",15,4739,NA
0.1,95,910872,"SUCCESS",15,4741,NA
0.1,96,910873,"SUCCESS",15,4741,NA
0.1,97,910874,"SUCCESS",15,4712,NA
0.1,98,910875,"SUCCESS",15,4763,NA
0.1,99,910876,"SUCCESS",15,4731,NA
0.2,1,920778,"SUCCESS",15,4688,NA
0.2,10,920787,"SUCCESS",15,4724,NA
0.2,100,920877,"SUCCESS",15,4706,NA
0.2,11,920788,"SUCCESS",15,4716,NA
0.2,12,920789,"SUCCESS",15,4699,NA
0.2,13,920790,"SUCCESS",15,4658,NA
0.2,14,920791,"SUCCESS",16,4702,NA
0.2,15,920792,"SUCCESS",15,4713,NA
0.2,16,920793,"SUCCESS",16,4702,NA
0.2,17,920794,"SUCCESS",15,4696,NA
0.2,18,920795,"SUCCESS",15,4748,NA
0.2,19,920796,"SUCCESS",15,4699,NA
0.2,2,920779,"SUCCESS",16,4763,NA
0.2,20,920797,"SUCCESS",15,4725,NA
0.2,21,920798,"SUCCESS",15,4682,NA
0.2,22,920799,"SUCCESS",15,4671,NA
0.2,23,920800,"SUCCESS",15,4708,NA
0.2,24,920801,"SUCCESS",15,4729,NA
0.2,25,920802,"SUCCESS",15,4698,NA
0.2,26,920803,"SUCCESS",15,4675,NA
0.2,27,920804,"SUCCESS",15,4744,NA
0.2,28,920805,"SUCCESS",16,4706,NA
0.2,29,920806,"SUCCESS",15,4734,NA
0.2,3,920780,"SUCCESS",15,4751,NA
0.2,30,920807,"SUCCESS",15,4742,NA
0.2,31,920808,"SUCCESS",15,4729,NA
0.2,32,920809,"SUCCESS",15,4738,NA
0.2,33,920810,"SUCCESS",15,4756,NA
0.2,34,920811,"SUCCESS",15,4696,NA
0.2,35,920812,"SUCCESS",15,4745,NA
0.2,36,920813,"SUCCESS",15,4735,NA
0.2,37,920814,"SUCCESS",15,4744,NA
0.2,38,920815,"SUCCESS",15,4750,NA
0.2,39,920816,"SUCCESS",15,4655,NA
0.2,4,920781,"SUCCESS",15,4704,NA
0.2,40,920817,"SUCCESS",15,4736,NA
0.2,41,920818,"SUCCESS",15,4740,NA
0.2,42,920819,"SUCCESS",15,4647,NA
0.2,43,920820,"SUCCESS",15,4734,NA
0.2,44,920821,"SUCCESS",15,4696,NA
0.2,45,920822,"SUCCESS",15,4706,NA
0.2,46,920823,"SUCCESS",15,4744,NA
0.2,47,920824,"SUCCESS",15,4746,NA
0.2,48,920825,"SUCCESS",15,4762,NA
0.2,49,920826,"SUCCESS",15,4735,NA
0.2,5,920782,"SUCCESS",15,4737,NA
0.2,50,920827,"SUCCESS",15,4750,NA
0.2,51,920828,"SUCCESS",15,4747,NA
0.2,52,920829,"SUCCESS",15,4722,NA
0.2,53,920830,"SUCCESS",15,4704,NA
0.2,54,920831,"SUCCESS",15,4717,NA
0.2,55,920832,"SUCCESS",15,4714,NA
0.2,56,920833,"SUCCESS",15,4799,NA
0.2,57,920834,"SUCCESS",15,4685,NA
0.2,58,920835,"SUCCESS",15,4693,NA
0.2,59,920836,"SUCCESS",15,4716,NA
0.2,6,920783,"SUCCESS",15,4717,NA
0.2,60,920837,"SUCCESS",15,4666,NA
0.2,61,920838,"SUCCESS",15,4705,NA
0.2,62,920839,"SUCCESS",15,4738,NA
0.2,63,920840,"SUCCESS",15,4744,NA
0.2,64,920841,"SUCCESS",15,4720,NA
0.2,65,920842,"SUCCESS",15,4745,NA
0.2,66,920843,"SUCCESS",15,4708,NA
0.2,67,920844,"SUCCESS",15,4728,NA
0.2,68,920845,"SUCCESS",15,4728,NA
0.2,69,920846,"SUCCESS",15,4732,NA
0.2,7,920784,"SUCCESS",15,4711,NA
0.2,70,920847,"SUCCESS",15,4712,NA
0.2,71,920848,"SUCCESS",15,4735,NA
0.2,72,920849,"SUCCESS",15,4688,NA
0.2,73,920850,"SUCCESS",15,4681,NA
0.2,74,920851,"SUCCESS",15,4693,NA
0.2,75,920852,"SUCCESS",15,4719,NA
0.2,76,920853,"SUCCESS",15,4692,NA
0.2,77,920854,"SUCCESS",15,4678,NA
0.2,78,920855,"SUCCESS",15,4664,NA
0.2,79,920856,"SUCCESS",15,4743,NA
0.2,8,920785,"SUCCESS",15,4745,NA
0.2,80,920857,"SUCCESS",16,4664,NA
0.2,81,920858,"SUCCESS",15,4715,NA
0.2,82,920859,"SUCCESS",15,4742,NA
0.2,83,920860,"SUCCESS",16,4695,NA
0.2,84,920861,"SUCCESS",15,4716,NA
0.2,85,920862,"SUCCESS",16,4671,NA
0.2,86,920863,"SUCCESS",15,4734,NA
0.2,87,920864,"SUCCESS",15,4672,NA
0.2,88,920865,"SUCCESS",15,4733,NA
0.2,89,920866,"SUCCESS",15,4741,NA
0.2,9,920786,"SUCCESS",15,4759,NA
0.2,90,920867,"SUCCESS",15,4748,NA
0.2,91,920868,"SUCCESS",15,4704,NA
0.2,92,920869,"SUCCESS",15,4744,NA
0.2,93,920870,"SUCCESS",15,4758,NA
0.2,94,920871,"SUCCESS",15,4732,NA
0.2,95,920872,"SUCCESS",15,4693,NA
0.2,96,920873,"SUCCESS",15,4688,NA
0.2,97,920874,"SUCCESS",15,4704,NA
0.2,98,920875,"SUCCESS",15,4751,NA
0.2,99,920876,"SUCCESS",15,4711,NA
0.3,1,930778,"SUCCESS",15,4778,NA
0.3,10,930787,"SUCCESS",15,4723,NA
0.3,100,930877,"SUCCESS",15,4721,NA
0.3,11,930788,"SUCCESS",15,4768,NA
0.3,12,930789,"SUCCESS",15,4715,NA
0.3,13,930790,"SUCCESS",15,4735,NA
0.3,14,930791,"SUCCESS",16,4679,NA
0.3,15,930792,"SUCCESS",15,4710,NA
0.3,16,930793,"SUCCESS",15,4755,NA
0.3,17,930794,"SUCCESS",15,4733,NA
0.3,18,930795,"SUCCESS",15,4772,NA
0.3,19,930796,"SUCCESS",15,4753,NA
0.3,2,930779,"SUCCESS",15,4726,NA
0.3,20,930797,"SUCCESS",15,4715,NA
0.3,21,930798,"SUCCESS",15,4720,NA
0.3,22,930799,"SUCCESS",15,4723,NA
0.3,23,930800,"SUCCESS",17,4690,NA
0.3,24,930801,"SUCCESS",15,4721,NA
0.3,25,930802,"SUCCESS",15,4738,NA
0.3,26,930803,"SUCCESS",15,4732,NA
0.3,27,930804,"SUCCESS",15,4705,NA
0.3,28,930805,"SUCCESS",15,4703,NA
0.3,29,930806,"SUCCESS",15,4743,NA
0.3,3,930780,"SUCCESS",15,4710,NA
0.3,30,930807,"SUCCESS",15,4709,NA
0.3,31,930808,"SUCCESS",15,4681,NA
0.3,32,930809,"SUCCESS",16,4750,NA
0.3,33,930810,"SUCCESS",15,4693,NA
0.3,34,930811,"SUCCESS",15,4721,NA
0.3,35,930812,"SUCCESS",15,4682,NA
0.3,36,930813,"SUCCESS",15,4718,NA
0.3,37,930814,"SUCCESS",15,4738,NA
0.3,38,930815,"SUCCESS",15,4747,NA
0.3,39,930816,"SUCCESS",15,4689,NA
0.3,4,930781,"SUCCESS",15,4723,NA
0.3,40,930817,"SUCCESS",16,4724,NA
0.3,41,930818,"SUCCESS",15,4714,NA
0.3,42,930819,"SUCCESS",15,4693,NA
0.3,43,930820,"SUCCESS",15,4740,NA
0.3,44,930821,"SUCCESS",15,4735,NA
0.3,45,930822,"SUCCESS",15,4705,NA
0.3,46,930823,"SUCCESS",15,4718,NA
0.3,47,930824,"SUCCESS",15,4705,NA
0.3,48,930825,"SUCCESS",15,4721,NA
0.3,49,930826,"SUCCESS",15,4700,NA
0.3,5,930782,"SUCCESS",17,4749,NA
0.3,50,930827,"SUCCESS",15,4734,NA
0.3,51,930828,"SUCCESS",15,4737,NA
0.3,52,930829,"SUCCESS",15,4732,NA
0.3,53,930830,"SUCCESS",15,4704,NA
0.3,54,930831,"SUCCESS",15,4715,NA
0.3,55,930832,"SUCCESS",15,4740,NA
0.3,56,930833,"SUCCESS",15,4685,NA
0.3,57,930834,"SUCCESS",15,4709,NA
0.3,58,930835,"SUCCESS",15,4695,NA
0.3,59,930836,"SUCCESS",15,4733,NA
0.3,6,930783,"SUCCESS",16,4749,NA
0.3,60,930837,"SUCCESS",15,4708,NA
0.3,61,930838,"SUCCESS",15,4722,NA
0.3,62,930839,"SUCCESS",15,4727,NA
0.3,63,930840,"SUCCESS",15,4678,NA
0.3,64,930841,"SUCCESS",15,4737,NA
0.3,65,930842,"SUCCESS",15,4720,NA
0.3,66,930843,"SUCCESS",15,4717,NA
0.3,67,930844,"SUCCESS",15,4722,NA
0.3,68,930845,"SUCCESS",15,4757,NA
0.3,69,930846,"SUCCESS",15,4703,NA
0.3,7,930784,"SUCCESS",15,4744,NA
0.3,70,930847,"SUCCESS",15,4750,NA
0.3,71,930848,"SUCCESS",16,4730,NA
0.3,72,930849,"SUCCESS",15,4715,NA
0.3,73,930850,"SUCCESS",15,4736,NA
0.3,74,930851,"SUCCESS",15,4770,NA
0.3,75,930852,"SUCCESS",15,4773,NA
0.3,76,930853,"SUCCESS",16,4706,NA
0.3,77,930854,"SUCCESS",15,4684,NA
0.3,78,930855,"SUCCESS",15,4727,NA
0.3,79,930856,"SUCCESS",15,4752,NA
0.3,8,930785,"SUCCESS",15,4655,NA
0.3,80,930857,"SUCCESS",15,4751,NA
0.3,81,930858,"SUCCESS",15,4751,NA
0.3,82,930859,"SUCCESS",15,4734,NA
0.3,83,930860,"SUCCESS",15,4724,NA
0.3,84,930861,"SUCCESS",15,4737,NA
0.3,85,930862,"SUCCESS",15,4692,NA
0.3,86,930863,"SUCCESS",15,4741,NA
0.3,87,930864,"SUCCESS",16,4646,NA
0.3,88,930865,"SUCCESS",15,4686,NA
0.3,89,930866,"SUCCESS",16,4737,NA
0.3,9,930786,"SUCCESS",15,4729,NA
0.3,90,930867,"SUCCESS",15,4720,NA
0.3,91,930868,"SUCCESS",15,4719,NA
0.3,92,930869,"SUCCESS",15,4727,NA
0.3,93,930870,"SUCCESS",16,4701,NA
0.3,94,930871,"SUCCESS",15,4690,NA
0.3,95,930872,"SUCCESS",15,4734,NA
0.3,96,930873,"SUCCESS",15,4740,NA
0.3,97,930874,"SUCCESS",15,4722,NA
0.3,98,930875,"SUCCESS",15,4743,NA
0.3,99,930876,"SUCCESS",15,4703,NA
0.4,1,940778,"SUCCESS",17,4645,NA
0.4,10,940787,"SUCCESS",15,4639,NA
0.4,100,940877,"SUCCESS",15,4656,NA
0.4,11,940788,"SUCCESS",15,4600,NA
0.4,12,940789,"SUCCESS",15,4691,NA
0.4,13,940790,"SUCCESS",15,4667,NA
0.4,14,940791,"SUCCESS",16,4683,NA
0.4,15,940792,"SUCCESS",15,4661,NA
0.4,16,940793,"SUCCESS",16,4632,NA
0.4,17,940794,"SUCCESS",16,4653,NA
0.4,18,940795,"SUCCESS",15,4629,NA
0.4,19,940796,"SUCCESS",15,4664,NA
0.4,2,940779,"SUCCESS",15,4639,NA
0.4,20,940797,"SUCCESS",16,4677,NA
0.4,21,940798,"SUCCESS",15,4638,NA
0.4,22,940799,"SUCCESS",16,4309,NA
0.4,23,940800,"SUCCESS",15,4673,NA
0.4,24,940801,"SUCCESS",15,4630,NA
0.4,25,940802,"SUCCESS",15,4673,NA
0.4,26,940803,"SUCCESS",15,4655,NA
0.4,27,940804,"SUCCESS",15,4650,NA
0.4,28,940805,"SUCCESS",16,4614,NA
0.4,29,940806,"SUCCESS",18,4670,NA
0.4,3,940780,"SUCCESS",17,4293,NA
0.4,30,940807,"SUCCESS",17,4668,NA
0.4,31,940808,"SUCCESS",15,4652,NA
0.4,32,940809,"SUCCESS",15,4705,NA
0.4,33,940810,"SUCCESS",15,4658,NA
0.4,34,940811,"SUCCESS",15,4652,NA
0.4,35,940812,"SUCCESS",15,4658,NA
0.4,36,940813,"SUCCESS",16,4288,NA
0.4,37,940814,"SUCCESS",16,4644,NA
0.4,38,940815,"SUCCESS",15,4652,NA
0.4,39,940816,"SUCCESS",15,4624,NA
0.4,4,940781,"SUCCESS",15,4623,NA
0.4,40,940817,"SUCCESS",15,4699,NA
0.4,41,940818,"SUCCESS",15,4683,NA
0.4,42,940819,"SUCCESS",15,4653,NA
0.4,43,940820,"SUCCESS",16,4685,NA
0.4,44,940821,"SUCCESS",17,4615,NA
0.4,45,940822,"SUCCESS",15,4638,NA
0.4,46,940823,"SUCCESS",15,4677,NA
0.4,47,940824,"SUCCESS",17,4663,NA
0.4,48,940825,"SUCCESS",15,4678,NA
0.4,49,940826,"SUCCESS",15,4645,NA
0.4,5,940782,"SUCCESS",16,4644,NA
0.4,50,940827,"SUCCESS",15,4681,NA
0.4,51,940828,"SUCCESS",15,4723,NA
0.4,52,940829,"SUCCESS",15,4676,NA
0.4,53,940830,"SUCCESS",15,4666,NA
0.4,54,940831,"SUCCESS",16,4627,NA
0.4,55,940832,"SUCCESS",15,4642,NA
0.4,56,940833,"SUCCESS",15,4670,NA
0.4,57,940834,"SUCCESS",15,4657,NA
0.4,58,940835,"SUCCESS",15,4674,NA
0.4,59,940836,"SUCCESS",15,4644,NA
0.4,6,940783,"SUCCESS",16,4634,NA
0.4,60,940837,"SUCCESS",16,4614,NA
0.4,61,940838,"SUCCESS",15,4674,NA
0.4,62,940839,"SUCCESS",16,4670,NA
0.4,63,940840,"SUCCESS",15,4665,NA
0.4,64,940841,"SUCCESS",15,4636,NA
0.4,65,940842,"SUCCESS",15,4652,NA
0.4,66,940843,"SUCCESS",17,4669,NA
0.4,67,940844,"SUCCESS",17,4663,NA
0.4,68,940845,"SUCCESS",15,4619,NA
0.4,69,940846,"SUCCESS",15,4678,NA
0.4,7,940784,"SUCCESS",15,4672,NA
0.4,70,940847,"SUCCESS",15,4667,NA
0.4,71,940848,"SUCCESS",15,4646,NA
0.4,72,940849,"SUCCESS",15,4653,NA
0.4,73,940850,"SUCCESS",16,4684,NA
0.4,74,940851,"SUCCESS",15,4671,NA
0.4,75,940852,"SUCCESS",15,4649,NA
0.4,76,940853,"SUCCESS",15,4293,NA
0.4,77,940854,"SUCCESS",16,4295,NA
0.4,78,940855,"SUCCESS",16,4657,NA
0.4,79,940856,"SUCCESS",16,4660,NA
0.4,8,940785,"SUCCESS",16,4635,NA
0.4,80,940857,"SUCCESS",15,4638,NA
0.4,81,940858,"SUCCESS",15,4679,NA
0.4,82,940859,"SUCCESS",16,4655,NA
0.4,83,940860,"SUCCESS",15,4672,NA
0.4,84,940861,"SUCCESS",17,4631,NA
0.4,85,940862,"SUCCESS",15,4624,NA
0.4,86,940863,"SUCCESS",15,4663,NA
0.4,87,940864,"SUCCESS",15,4638,NA
0.4,88,940865,"SUCCESS",15,4648,NA
0.4,89,940866,"SUCCESS",15,4669,NA
0.4,9,940786,"SUCCESS",17,4697,NA
0.4,90,940867,"SUCCESS",16,4666,NA
0.4,91,940868,"SUCCESS",15,4671,NA
0.4,92,940869,"SUCCESS",15,4644,NA
0.4,93,940870,"SUCCESS",16,4647,NA
0.4,94,940871,"SUCCESS",17,4675,NA
0.4,95,940872,"SUCCESS",15,4689,NA
0.4,96,940873,"SUCCESS",15,4615,NA
0.4,97,940874,"SUCCESS",15,4629,NA
0.4,98,940875,"SUCCESS",16,4687,NA
0.4,99,940876,"SUCCESS",16,4630,NA
0.5,1,950778,"SUCCESS",19,4159,NA
0.5,10,950787,"SUCCESS",16,4156,NA
0.5,100,950877,"SUCCESS",16,4079,NA
0.5,11,950788,"SUCCESS",15,4135,NA
0.5,12,950789,"SUCCESS",19,4120,NA
0.5,13,950790,"SUCCESS",17,4060,NA
0.5,14,950791,"SUCCESS",17,4126,NA
0.5,15,950792,"SUCCESS",17,4165,NA
0.5,16,950793,"SUCCESS",17,4100,NA
0.5,17,950794,"SUCCESS",17,4101,NA
0.5,18,950795,"SUCCESS",16,4085,NA
0.5,19,950796,"SUCCESS",18,4130,NA
0.5,2,950779,"SUCCESS",19,4073,NA
0.5,20,950797,"SUCCESS",19,4135,NA
0.5,21,950798,"SUCCESS",20,4082,NA
0.5,22,950799,"SUCCESS",17,4077,NA
0.5,23,950800,"SUCCESS",16,4047,NA
0.5,24,950801,"SUCCESS",18,4101,NA
0.5,25,950802,"SUCCESS",18,4106,NA
0.5,26,950803,"SUCCESS",18,4081,NA
0.5,27,950804,"SUCCESS",18,4111,NA
0.5,28,950805,"SUCCESS",16,4063,NA
0.5,29,950806,"SUCCESS",17,4052,NA
0.5,3,950780,"SUCCESS",17,4130,NA
0.5,30,950807,"SUCCESS",17,4113,NA
0.5,31,950808,"SUCCESS",16,4064,NA
0.5,32,950809,"SUCCESS",17,4077,NA
0.5,33,950810,"SUCCESS",16,4096,NA
0.5,34,950811,"SUCCESS",18,4016,NA
0.5,35,950812,"SUCCESS",16,4077,NA
0.5,36,950813,"SUCCESS",17,4080,NA
0.5,37,950814,"SUCCESS",18,4089,NA
0.5,38,950815,"SUCCESS",17,4160,NA
0.5,39,950816,"SUCCESS",18,4123,NA
0.5,4,950781,"SUCCESS",18,4151,NA
0.5,40,950817,"SUCCESS",22,4085,NA
0.5,41,950818,"SUCCESS",17,4194,NA
0.5,42,950819,"SUCCESS",18,4102,NA
0.5,43,950820,"SUCCESS",16,4119,NA
0.5,44,950821,"SUCCESS",18,4129,NA
0.5,45,950822,"SUCCESS",18,4090,NA
0.5,46,950823,"SUCCESS",20,4065,NA
0.5,47,950824,"SUCCESS",17,4110,NA
0.5,48,950825,"SUCCESS",20,4090,NA
0.5,49,950826,"SUCCESS",16,4072,NA
0.5,5,950782,"SUCCESS",17,4121,NA
0.5,50,950827,"SUCCESS",19,4154,NA
0.5,51,950828,"SUCCESS",19,4061,NA
0.5,52,950829,"SUCCESS",17,4116,NA
0.5,53,950830,"SUCCESS",17,4075,NA
0.5,54,950831,"SUCCESS",17,4101,NA
0.5,55,950832,"SUCCESS",18,4115,NA
0.5,56,950833,"SUCCESS",16,4038,NA
0.5,57,950834,"SUCCESS",16,4144,NA
0.5,58,950835,"SUCCESS",16,4132,NA
0.5,59,950836,"SUCCESS",17,4082,NA
0.5,6,950783,"SUCCESS",17,4077,NA
0.5,60,950837,"SUCCESS",19,4178,NA
0.5,61,950838,"SUCCESS",21,4111,NA
0.5,62,950839,"SUCCESS",16,4093,NA
0.5,63,950840,"SUCCESS",17,4082,NA
0.5,64,950841,"SUCCESS",19,4053,NA
0.5,65,950842,"SUCCESS",17,4138,NA
0.5,66,950843,"SUCCESS",16,4066,NA
0.5,67,950844,"SUCCESS",17,4124,NA
0.5,68,950845,"SUCCESS",17,4126,NA
0.5,69,950846,"SUCCESS",18,4058,NA
0.5,7,950784,"SUCCESS",20,4091,NA
0.5,70,950847,"SUCCESS",18,4114,NA
0.5,71,950848,"SUCCESS",17,4111,NA
0.5,72,950849,"SUCCESS",15,4180,NA
0.5,73,950850,"SUCCESS",16,4072,NA
0.5,74,950851,"SUCCESS",17,3998,NA
0.5,75,950852,"SUCCESS",19,4108,NA
0.5,76,950853,"SUCCESS",19,4063,NA
0.5,77,950854,"SUCCESS",17,4134,NA
0.5,78,950855,"SUCCESS",16,4155,NA
0.5,79,950856,"SUCCESS",17,4126,NA
0.5,8,950785,"SUCCESS",16,4107,NA
0.5,80,950857,"SUCCESS",16,4035,NA
0.5,81,950858,"SUCCESS",17,4140,NA
0.5,82,950859,"SUCCESS",16,4110,NA
0.5,83,950860,"SUCCESS",19,4046,NA
0.5,84,950861,"SUCCESS",16,4068,NA
0.5,85,950862,"SUCCESS",18,4081,NA
0.5,86,950863,"SUCCESS",17,4143,NA
0.5,87,950864,"SUCCESS",16,4064,NA
0.5,88,950865,"SUCCESS",15,4075,NA
0.5,89,950866,"SUCCESS",18,4101,NA
0.5,9,950786,"SUCCESS",18,4133,NA
0.5,90,950867,"SUCCESS",16,4115,NA
0.5,91,950868,"SUCCESS",16,4116,NA
0.5,92,950869,"SUCCESS",15,4144,NA
0.5,93,950870,"SUCCESS",16,4089,NA
0.5,94,950871,"SUCCESS",18,4119,NA
0.5,95,950872,"SUCCESS",18,4101,NA
0.5,96,950873,"SUCCESS",15,4114,NA
0.5,97,950874,"SUCCESS",20,4157,NA
0.5,98,950875,"SUCCESS",18,4127,NA
0.5,99,950876,"SUCCESS",15,4060,NA
0.6,1,960778,"SUCCESS",18,3576,NA
0.6,10,960787,"SUCCESS",18,3639,NA
0.6,100,960877,"SUCCESS",16,3598,NA
0.6,11,960788,"SUCCESS",18,3551,NA
0.6,12,960789,"SUCCESS",20,3627,NA
0.6,13,960790,"SUCCESS",19,3582,NA
0.6,14,960791,"SUCCESS",19,3643,NA
0.6,15,960792,"SUCCESS",22,3675,NA
0.6,16,960793,"SUCCESS",20,3729,NA
0.6,17,960794,"SUCCESS",17,3661,NA
0.6,18,960795,"SUCCESS",21,3605,NA
0.6,19,960796,"SUCCESS",20,3664,NA
0.6,2,960779,"SUCCESS",19,3570,NA
0.6,20,960797,"SUCCESS",17,3622,NA
0.6,21,960798,"SUCCESS",16,3544,NA
0.6,22,960799,"SUCCESS",19,3645,NA
0.6,23,960800,"SUCCESS",18,3618,NA
0.6,24,960801,"SUCCESS",23,3638,NA
0.6,25,960802,"SUCCESS",17,3645,NA
0.6,26,960803,"SUCCESS",20,3591,NA
0.6,27,960804,"SUCCESS",18,3571,NA
0.6,28,960805,"SUCCESS",16,3572,NA
0.6,29,960806,"SUCCESS",16,3685,NA
0.6,3,960780,"SUCCESS",23,3500,NA
0.6,30,960807,"SUCCESS",21,3608,NA
0.6,31,960808,"SUCCESS",19,3687,NA
0.6,32,960809,"SUCCESS",18,3636,NA
0.6,33,960810,"SUCCESS",18,3570,NA
0.6,34,960811,"SUCCESS",20,3600,NA
0.6,35,960812,"SUCCESS",20,3538,NA
0.6,36,960813,"SUCCESS",17,3597,NA
0.6,37,960814,"SUCCESS",16,3605,NA
0.6,38,960815,"SUCCESS",21,3640,NA
0.6,39,960816,"SUCCESS",20,3618,NA
0.6,4,960781,"SUCCESS",21,3653,NA
0.6,40,960817,"SUCCESS",18,3627,NA
0.6,41,960818,"SUCCESS",21,3731,NA
0.6,42,960819,"SUCCESS",23,3590,NA
0.6,43,960820,"SUCCESS",21,3592,NA
0.6,44,960821,"SUCCESS",20,3630,NA
0.6,45,960822,"SUCCESS",18,3628,NA
0.6,46,960823,"SUCCESS",22,3637,NA
0.6,47,960824,"SUCCESS",20,3672,NA
0.6,48,960825,"SUCCESS",24,3603,NA
0.6,49,960826,"SUCCESS",22,3612,NA
0.6,5,960782,"SUCCESS",19,3662,NA
0.6,50,960827,"SUCCESS",17,3586,NA
0.6,51,960828,"SUCCESS",17,3621,NA
0.6,52,960829,"SUCCESS",18,3598,NA
0.6,53,960830,"SUCCESS",17,3475,NA
0.6,54,960831,"SUCCESS",18,3634,NA
0.6,55,960832,"SUCCESS",18,3615,NA
0.6,56,960833,"SUCCESS",15,3703,NA
0.6,57,960834,"SUCCESS",21,3574,NA
0.6,58,960835,"SUCCESS",23,3669,NA
0.6,59,960836,"SUCCESS",21,3689,NA
0.6,6,960783,"SUCCESS",16,3604,NA
0.6,60,960837,"SUCCESS",18,3674,NA
0.6,61,960838,"SUCCESS",18,3641,NA
0.6,62,960839,"SUCCESS",22,3656,NA
0.6,63,960840,"SUCCESS",19,3714,NA
0.6,64,960841,"SUCCESS",18,3657,NA
0.6,65,960842,"SUCCESS",20,3576,NA
0.6,66,960843,"SUCCESS",19,3524,NA
0.6,67,960844,"SUCCESS",20,3672,NA
0.6,68,960845,"SUCCESS",16,3703,NA
0.6,69,960846,"SUCCESS",19,3667,NA
0.6,7,960784,"SUCCESS",22,3672,NA
0.6,70,960847,"SUCCESS",16,3601,NA
0.6,71,960848,"SUCCESS",21,3655,NA
0.6,72,960849,"SUCCESS",21,3669,NA
0.6,73,960850,"SUCCESS",22,3600,NA
0.6,74,960851,"SUCCESS",19,3627,NA
0.6,75,960852,"SUCCESS",16,3661,NA
0.6,76,960853,"SUCCESS",19,3654,NA
0.6,77,960854,"SUCCESS",17,3638,NA
0.6,78,960855,"SUCCESS",20,3515,NA
0.6,79,960856,"SUCCESS",18,3599,NA
0.6,8,960785,"SUCCESS",18,3546,NA
0.6,80,960857,"SUCCESS",22,3626,NA
0.6,81,960858,"SUCCESS",19,3698,NA
0.6,82,960859,"SUCCESS",18,3698,NA
0.6,83,960860,"SUCCESS",21,3512,NA
0.6,84,960861,"SUCCESS",18,3701,NA
0.6,85,960862,"SUCCESS",17,3640,NA
0.6,86,960863,"SUCCESS",22,3526,NA
0.6,87,960864,"SUCCESS",20,3669,NA
0.6,88,960865,"SUCCESS",19,3674,NA
0.6,89,960866,"SUCCESS",20,3581,NA
0.6,9,960786,"SUCCESS",21,3635,NA
0.6,90,960867,"SUCCESS",19,3534,NA
0.6,91,960868,"SUCCESS",17,3605,NA
0.6,92,960869,"SUCCESS",19,3643,NA
0.6,93,960870,"SUCCESS",17,3514,NA
0.6,94,960871,"SUCCESS",16,3725,NA
0.6,95,960872,"SUCCESS",24,3501,NA
0.6,96,960873,"SUCCESS",19,3610,NA
0.6,97,960874,"SUCCESS",15,3698,NA
0.6,98,960875,"SUCCESS",19,3624,NA
0.6,99,960876,"SUCCESS",17,3708,NA
0.7,1,970778,"SUCCESS",43,2510,NA
0.7,10,970787,"SUCCESS",48,2705,NA
0.7,100,970877,"SUCCESS",44,2582,NA
0.7,11,970788,"SUCCESS",52,2555,NA
0.7,12,970789,"SUCCESS",46,2622,NA
0.7,13,970790,"SUCCESS",49,2510,NA
0.7,14,970791,"SUCCESS",50,2590,NA
0.7,15,970792,"SUCCESS",53,2635,NA
0.7,16,970793,"SUCCESS",40,2659,NA
0.7,17,970794,"SUCCESS",47,2489,NA
0.7,18,970795,"SUCCESS",45,2624,NA
0.7,19,970796,"SUCCESS",41,2362,NA
0.7,2,970779,"SUCCESS",48,2330,NA
0.7,20,970797,"SUCCESS",52,2604,NA
0.7,21,970798,"SUCCESS",45,2524,NA
0.7,22,970799,"SUCCESS",40,2546,NA
0.7,23,970800,"SUCCESS",54,2422,NA
0.7,24,970801,"SUCCESS",53,2619,NA
0.7,25,970802,"SUCCESS",53,2367,NA
0.7,26,970803,"SUCCESS",50,2522,NA
0.7,27,970804,"SUCCESS",41,2519,NA
0.7,28,970805,"SUCCESS",44,2485,NA
0.7,29,970806,"SUCCESS",49,2496,NA
0.7,3,970780,"SUCCESS",50,2558,NA
0.7,30,970807,"SUCCESS",48,2580,NA
0.7,31,970808,"SUCCESS",48,2587,NA
0.7,32,970809,"SUCCESS",52,2556,NA
0.7,33,970810,"SUCCESS",55,2453,NA
0.7,34,970811,"SUCCESS",49,2728,NA
0.7,35,970812,"SUCCESS",51,2513,NA
0.7,36,970813,"SUCCESS",49,2509,NA
0.7,37,970814,"SUCCESS",49,2427,NA
0.7,38,970815,"SUCCESS",49,2464,NA
0.7,39,970816,"SUCCESS",48,2628,NA
0.7,4,970781,"SUCCESS",53,2515,NA
0.7,40,970817,"SUCCESS",55,2511,NA
0.7,41,970818,"SUCCESS",49,2452,NA
0.7,42,970819,"SUCCESS",49,2441,NA
0.7,43,970820,"SUCCESS",49,2543,NA
0.7,44,970821,"SUCCESS",50,2427,NA
0.7,45,970822,"SUCCESS",50,2409,NA
0.7,46,970823,"SUCCESS",45,2604,NA
0.7,47,970824,"SUCCESS",49,2639,NA
0.7,48,970825,"SUCCESS",50,2634,NA
0.7,49,970826,"SUCCESS",47,2394,NA
0.7,5,970782,"SUCCESS",55,2592,NA
0.7,50,970827,"SUCCESS",49,2364,NA
0.7,51,970828,"SUCCESS",48,2539,NA
0.7,52,970829,"SUCCESS",50,2382,NA
0.7,53,970830,"SUCCESS",51,2583,NA
0.7,54,970831,"SUCCESS",44,2315,NA
0.7,55,970832,"SUCCESS",45,2441,NA
0.7,56,970833,"SUCCESS",47,2447,NA
0.7,57,970834,"SUCCESS",43,2445,NA
0.7,58,970835,"SUCCESS",53,2457,NA
0.7,59,970836,"SUCCESS",49,2519,NA
0.7,6,970783,"SUCCESS",43,2649,NA
0.7,60,970837,"SUCCESS",52,2498,NA
0.7,61,970838,"SUCCESS",50,2500,NA
0.7,62,970839,"SUCCESS",50,2392,NA
0.7,63,970840,"SUCCESS",50,2560,NA
0.7,64,970841,"SUCCESS",41,2648,NA
0.7,65,970842,"SUCCESS",52,2635,NA
0.7,66,970843,"SUCCESS",48,2380,NA
0.7,67,970844,"SUCCESS",47,2505,NA
0.7,68,970845,"SUCCESS",43,2343,NA
0.7,69,970846,"SUCCESS",46,2498,NA
0.7,7,970784,"SUCCESS",52,2530,NA
0.7,70,970847,"SUCCESS",53,2433,NA
0.7,71,970848,"SUCCESS",52,2541,NA
0.7,72,970849,"SUCCESS",49,2520,NA
0.7,73,970850,"SUCCESS",48,2470,NA
0.7,74,970851,"SUCCESS",48,2509,NA
0.7,75,970852,"SUCCESS",49,2619,NA
0.7,76,970853,"SUCCESS",48,2598,NA
0.7,77,970854,"SUCCESS",48,2508,NA
0.7,78,970855,"SUCCESS",46,2527,NA
0.7,79,970856,"SUCCESS",48,2393,NA
0.7,8,970785,"SUCCESS",42,2514,NA
0.7,80,970857,"SUCCESS",43,2621,NA
0.7,81,970858,"SUCCESS",55,2452,NA
0.7,82,970859,"SUCCESS",45,2562,NA
0.7,83,970860,"SUCCESS",52,2711,NA
0.7,84,970861,"SUCCESS",46,2591,NA
0.7,85,970862,"SUCCESS",49,2693,NA
0.7,86,970863,"SUCCESS",48,2581,NA
0.7,87,970864,"SUCCESS",47,2670,NA
0.7,88,970865,"SUCCESS",44,2553,NA
0.7,89,970866,"SUCCESS",44,2468,NA
0.7,9,970786,"SUCCESS",51,2319,NA
0.7,90,970867,"SUCCESS",46,2394,NA
0.7,91,970868,"SUCCESS",54,2505,NA
0.7,92,970869,"SUCCESS",48,2572,NA
0.7,93,970870,"SUCCESS",45,2624,NA
0.7,94,970871,"SUCCESS",49,2476,NA
0.7,95,970872,"SUCCESS",47,2576,NA
0.7,96,970873,"SUCCESS",46,2548,NA
0.7,97,970874,"SUCCESS",45,2615,NA
0.7,98,970875,"SUCCESS",50,2422,NA
0.7,99,970876,"SUCCESS",48,2609,NA
0.8,1,980778,"SUCCESS",23,1034,NA
0.8,10,980787,"SUCCESS",21,952,NA
0.8,100,980877,"SUCCESS",22,940,NA
0.8,11,980788,"SUCCESS",19,800,NA
0.8,12,980789,"SUCCESS",18,918,NA
0.8,13,980790,"SUCCESS",19,954,NA
0.8,14,980791,"SUCCESS",19,1038,NA
0.8,15,980792,"SUCCESS",25,1062,NA
0.8,16,980793,"SUCCESS",22,998,NA
0.8,17,980794,"SUCCESS",18,916,NA
0.8,18,980795,"SUCCESS",21,971,NA
0.8,19,980796,"SUCCESS",23,1176,NA
0.8,2,980779,"SUCCESS",20,913,NA
0.8,20,980797,"SUCCESS",25,1068,NA
0.8,21,980798,"SUCCESS",16,843,NA
0.8,22,980799,"SUCCESS",17,894,NA
0.8,23,980800,"SUCCESS",23,1139,NA
0.8,24,980801,"SUCCESS",19,1053,NA
0.8,25,980802,"SUCCESS",17,855,NA
0.8,26,980803,"SUCCESS",22,1045,NA
0.8,27,980804,"SUCCESS",28,1235,NA
0.8,28,980805,"SUCCESS",22,1032,NA
0.8,29,980806,"SUCCESS",23,1008,NA
0.8,3,980780,"SUCCESS",19,888,NA
0.8,30,980807,"SUCCESS",19,997,NA
0.8,31,980808,"SUCCESS",22,1279,NA
0.8,32,980809,"SUCCESS",20,993,NA
0.8,33,980810,"SUCCESS",21,1197,NA
0.8,34,980811,"SUCCESS",20,933,NA
0.8,35,980812,"SUCCESS",24,1035,NA
0.8,36,980813,"SUCCESS",20,883,NA
0.8,37,980814,"SUCCESS",19,1061,NA
0.8,38,980815,"SUCCESS",22,1121,NA
0.8,39,980816,"SUCCESS",22,1045,NA
0.8,4,980781,"SUCCESS",21,902,NA
0.8,40,980817,"SUCCESS",19,825,NA
0.8,41,980818,"SUCCESS",24,972,NA
0.8,42,980819,"SUCCESS",19,899,NA
0.8,43,980820,"SUCCESS",21,1126,NA
0.8,44,980821,"SUCCESS",22,1129,NA
0.8,45,980822,"SUCCESS",21,1113,NA
0.8,46,980823,"SUCCESS",20,994,NA
0.8,47,980824,"SUCCESS",23,1135,NA
0.8,48,980825,"SUCCESS",20,1028,NA
0.8,49,980826,"SUCCESS",25,1050,NA
0.8,5,980782,"SUCCESS",15,776,NA
0.8,50,980827,"SUCCESS",22,986,NA
0.8,51,980828,"SUCCESS",20,835,NA
0.8,52,980829,"SUCCESS",20,1054,NA
0.8,53,980830,"SUCCESS",20,894,NA
0.8,54,980831,"SUCCESS",17,1012,NA
0.8,55,980832,"SUCCESS",22,997,NA
0.8,56,980833,"SUCCESS",20,1076,NA
0.8,57,980834,"SUCCESS",21,1074,NA
0.8,58,980835,"SUCCESS",20,1028,NA
0.8,59,980836,"SUCCESS",18,976,NA
0.8,6,980783,"SUCCESS",21,1112,NA
0.8,60,980837,"SUCCESS",20,1001,NA
0.8,61,980838,"SUCCESS",21,989,NA
0.8,62,980839,"SUCCESS",18,988,NA
0.8,63,980840,"SUCCESS",19,928,NA
0.8,64,980841,"SUCCESS",18,885,NA
0.8,65,980842,"SUCCESS",21,1018,NA
0.8,66,980843,"SUCCESS",19,860,NA
0.8,67,980844,"SUCCESS",19,887,NA
0.8,68,980845,"SUCCESS",20,1071,NA
0.8,69,980846,"SUCCESS",19,869,NA
0.8,7,980784,"SUCCESS",19,998,NA
0.8,70,980847,"SUCCESS",22,862,NA
0.8,71,980848,"SUCCESS",22,906,NA
0.8,72,980849,"SUCCESS",16,967,NA
0.8,73,980850,"SUCCESS",20,985,NA
0.8,74,980851,"SUCCESS",23,1174,NA
0.8,75,980852,"SUCCESS",21,1005,NA
0.8,76,980853,"SUCCESS",26,1080,NA
0.8,77,980854,"SUCCESS",23,981,NA
0.8,78,980855,"SUCCESS",19,862,NA
0.8,79,980856,"SUCCESS",21,1095,NA
0.8,8,980785,"SUCCESS",20,876,NA
0.8,80,980857,"SUCCESS",25,1052,NA
0.8,81,980858,"SUCCESS",18,918,NA
0.8,82,980859,"SUCCESS",17,748,NA
0.8,83,980860,"SUCCESS",21,847,NA
0.8,84,980861,"SUCCESS",22,1027,NA
0.8,85,980862,"SUCCESS",19,957,NA
0.8,86,980863,"SUCCESS",20,1048,NA
0.8,87,980864,"SUCCESS",23,995,NA
0.8,88,980865,"SUCCESS",25,1026,NA
0.8,89,980866,"SUCCESS",21,1030,NA
0.8,9,980786,"SUCCESS",25,999,NA
0.8,90,980867,"SUCCESS",17,921,NA
0.8,91,980868,"SUCCESS",21,1093,NA
0.8,92,980869,"SUCCESS",22,1048,NA
0.8,93,980870,"SUCCESS",18,850,NA
0.8,94,980871,"SUCCESS",21,998,NA
0.8,95,980872,"SUCCESS",23,1134,NA
0.8,96,980873,"SUCCESS",25,1016,NA
0.8,97,980874,"SUCCESS",18,908,NA
0.8,98,980875,"SUCCESS",18,999,NA
0.8,99,980876,"SUCCESS",18,855,NA
0.9,1,993886,"FAILED_CRASH",NA,NA,"Error in R/08_advanced_synteny_analysis.R"
0.9,10,990787,"SUCCESS",3,68,NA
0.9,100,993208,"SUCCESS",3,66,NA
0.9,11,992342,"SUCCESS",3,80,NA
0.9,12,993897,"FAILED_CRASH",NA,NA,"Error in R/07_results_summary.R"
0.9,13,993121,"SUCCESS",3,67,NA
0.9,14,993899,"FAILED_CRASH",NA,NA,"Error in R/09_plot_synteny.R"
0.9,15,993123,"SUCCESS",3,75,NA
0.9,16,993901,"SUCCESS",3,69,NA
0.9,17,993902,"SUCCESS",2,44,NA
0.9,18,993903,"FAILED_CRASH",NA,NA,"Error in R/09_plot_synteny.R"
0.9,19,990796,"SUCCESS",3,58,NA
0.9,2,993110,"SUCCESS",3,88,NA
0.9,20,993905,"FAILED_CRASH",NA,NA,"Error in R/07_results_summary.R"
0.9,21,993906,"FAILED_CRASH",NA,NA,"Error in R/07_results_summary.R"
0.9,22,993907,"FAILED_CRASH",NA,NA,"Error in R/07_results_summary.R"
0.9,23,993908,"FAILED_CRASH",NA,NA,"Error in R/07_results_summary.R"
0.9,24,993909,"SUCCESS",3,76,NA
0.9,25,990802,"SUCCESS",3,61,NA
0.9,26,992357,"SUCCESS",3,72,NA
0.9,27,992358,"SUCCESS",3,66,NA
0.9,28,993136,"SUCCESS",3,73,NA
0.9,29,991583,"SUCCESS",2,54,NA
0.9,3,993111,"SUCCESS",5,108,NA
0.9,30,993915,"FAILED_CRASH",NA,NA,"Error in R/06_extract_syntenic_blocks.R"
0.9,31,992362,"SUCCESS",2,53,NA
0.9,32,990809,"SUCCESS",3,65,NA
0.9,33,993918,"FAILED_CRASH",NA,NA,"Error in R/07_results_summary.R"
0.9,34,992365,"SUCCESS",4,85,NA
0.9,35,993143,"SUCCESS",3,79,NA
0.9,36,993921,"FAILED_CRASH",NA,NA,"Error in R/07_results_summary.R"
0.9,37,991591,"SUCCESS",3,80,NA
0.9,38,993923,"FAILED_CRASH",NA,NA,"Error in R/07_results_summary.R"
0.9,39,993924,"FAILED_CRASH",NA,NA,"Error in R/06_extract_syntenic_blocks.R"
0.9,4,993889,"FAILED_CRASH",NA,NA,"Error in R/06_extract_syntenic_blocks.R"
0.9,40,993148,"SUCCESS",3,79,NA
0.9,41,993926,"FAILED_CRASH",NA,NA,"Error in R/07_results_summary.R"
0.9,42,993927,"FAILED_CRASH",NA,NA,"Error in R/07_results_summary.R"
0.9,43,992374,"SUCCESS",3,92,NA
0.9,44,990821,"SUCCESS",3,89,NA
0.9,45,993930,"FAILED_CRASH",NA,NA,"Error in R/09_plot_synteny.R"
0.9,46,993931,"FAILED_CRASH",NA,NA,"Error in R/08_advanced_synteny_analysis.R"
0.9,47,993932,"SUCCESS",2,45,NA
0.9,48,993933,"FAILED_CRASH",NA,NA,"Error in R/07_results_summary.R"
0.9,49,993934,"SUCCESS",5,111,NA
0.9,5,993890,"FAILED_CRASH",NA,NA,"Error in R/08_advanced_synteny_analysis.R"
0.9,50,991604,"SUCCESS",4,128,NA
0.9,51,993936,"SUCCESS",3,68,NA
0.9,52,993937,"FAILED_CRASH",NA,NA,"Error in R/07_results_summary.R"
0.9,53,993161,"SUCCESS",4,81,NA
0.9,54,993939,"SUCCESS",3,76,NA
0.9,55,993940,"FAILED_CRASH",NA,NA,"Error in R/09_plot_synteny.R"
0.9,56,992387,"SUCCESS",4,88,NA
0.9,57,990834,"SUCCESS",3,61,NA
0.9,58,993943,"FAILED_CRASH",NA,NA,"Error in R/09_plot_synteny.R"
0.9,59,991613,"SUCCESS",3,74,NA
0.9,6,993891,"FAILED_CRASH",NA,NA,"Error in R/07_results_summary.R"
0.9,60,993945,"FAILED_CRASH",NA,NA,"Error in R/07_results_summary.R"
0.9,61,993169,"SUCCESS",3,72,NA
0.9,62,993947,"FAILED_CRASH",NA,NA,"Error in R/07_results_summary.R"
0.9,63,992394,"SUCCESS",3,73,NA
0.9,64,993949,"FAILED_CRASH",NA,NA,"Error in R/07_results_summary.R"
0.9,65,993950,"FAILED_CRASH",NA,NA,"Error in R/09_plot_synteny.R"
0.9,66,993951,"FAILED_CRASH",NA,NA,"Error in R/07_results_summary.R"
0.9,67,993952,"FAILED_CRASH",NA,NA,"Error in R/07_results_summary.R"
0.9,68,992399,"SUCCESS",3,77,NA
0.9,69,993954,"FAILED_CRASH",NA,NA,"Error in R/07_results_summary.R"
0.9,7,990784,"SUCCESS",2,50,NA
0.9,70,993955,"FAILED_CRASH",NA,NA,"Error in R/07_results_summary.R"
0.9,71,990848,"SUCCESS",2,65,NA
0.9,72,993957,"FAILED_CRASH",NA,NA,"Error in R/09_plot_synteny.R"
0.9,73,993958,"FAILED_CRASH",NA,NA,"Error in R/07_results_summary.R"
0.9,74,990851,"SUCCESS",4,100,NA
0.9,75,993960,"FAILED_CRASH",NA,NA,"Error in R/07_results_summary.R"
0.9,76,991630,"SUCCESS",2,49,NA
0.9,77,993962,"FAILED_CRASH",NA,NA,"Error in R/07_results_summary.R"
0.9,78,990855,"SUCCESS",4,134,NA
0.9,79,993964,"FAILED_CRASH",NA,NA,"Error in R/07_results_summary.R"
0.9,8,993893,"FAILED_CRASH",NA,NA,"Error in R/07_results_summary.R"
0.9,80,993965,"FAILED_CRASH",NA,NA,"Error in R/06_extract_syntenic_blocks.R"
0.9,81,990858,"SUCCESS",2,37,NA
0.9,82,993967,"FAILED_CRASH",NA,NA,"Error in R/07_results_summary.R"
0.9,83,993968,"SUCCESS",2,47,NA
0.9,84,990861,"SUCCESS",4,102,NA
0.9,85,993970,"FAILED_CRASH",NA,NA,"Error in R/07_results_summary.R"
0.9,86,991640,"SUCCESS",2,48,NA
0.9,87,993195,"SUCCESS",5,106,NA
0.9,88,992419,"SUCCESS",3,79,NA
0.9,89,993974,"FAILED_CRASH",NA,NA,"Error in R/07_results_summary.R"
0.9,9,993894,"FAILED_CRASH",NA,NA,"Error in R/07_results_summary.R"
0.9,90,993975,"FAILED_CRASH",NA,NA,"Error in R/07_results_summary.R"
0.9,91,993976,"FAILED_CRASH",NA,NA,"Error in R/07_results_summary.R"
0.9,92,991646,"SUCCESS",2,43,NA
0.9,93,993978,"FAILED_CRASH",NA,NA,"Error in R/07_results_summary.R"
0.9,94,993979,"FAILED_CRASH",NA,NA,"Error in R/08_advanced_synteny_analysis.R"
0.9,95,993980,"FAILED_CRASH",NA,NA,"Error in R/07_results_summary.R"
0.9,96,993981,"FAILED_CRASH",NA,NA,"Error in R/08_advanced_synteny_analysis.R"
0.9,97,993982,"FAILED_CRASH",NA,NA,"Error in R/07_results_summary.R"
0.9,98,993983,"FAILED_CRASH",NA,NA,"Error in R/07_results_summary.R"
0.9,99,993984,"FAILED_CRASH",NA,NA,"Error in R/09_plot_synteny.R
